"","ID","site","target_name","sample_name","Ct_mean","Ct_sd","quantity_mean","quantity_sd","run","Date_collected","ID","species","host_plant","date_processed","pollen","dil.factor","apiary_near_far","genome_copbee","ACT_genome_copbee","norm_genome_copbee","norm_genome_copbeeHB","Ct_mean_hb","HBCollected","virusBINY_PreFilter","virusBINY","HB_Abun","HBSiteBin","ShannonDIV","SimpsonDIV","FisherDIV","Density","Name","Migratory","City","SBPV_PA","SBPV_CPB","ABPV_PA","ABPV_CPB","IAPV_PA","IAPV_CPB","DWV_PA","DWV_CPB","LSV.2_PA","LSV.2_CPB","CBPV_PA","CBPV_CPB","KBV_PA","KBV_CPB","VarroaTHR_PA","Varroa100","NosemaPA","NosemaCount","Apiary_name","lat","long","elevation","town","apiaryNotes","apiary","siteNotes","sumApiaries","sumColonies"
"7",738,"RICE","BQCV",31,25.108,NA,657.444,NA,30,"7/23/15","RICE22","Vagans","Vicia cracca","9/29/15",NA,4.8515,0,3189589.566,1019456223,4396586.883,2760299554,14.187,1,1,1,0,NA,0.786189313,0.371219282,1.134292744,9.2,NA,NA,NA,NA,NA,NA,NA,NA,NA,NA,NA,NA,NA,NA,NA,NA,NA,NA,NA,NA,NA,NA,44.925435,-72.969001,121,"Sheldon","sans hb","N","field across from shot gun city",2,17
"16",1044,"WHAL","BQCV",35,28.107,NA,88.412,NA,30,"7/20/15","WHAL18","Vagans","Lythrum salicaria","9/29/15",NA,6.516,1,576092.592,854741773.4,947123.9092,175457175.3,18.609,1,1,1,0.85915493,NA,1.288575299,0.646950705,1.314223516,26.9,"Mraz",0,"Middlebury",0,0,0,0,0,0,1,2.43e+09,0,0,0,0,0,0,0,2.33,0,0,"Whaley",44.326216,-73.278147,41,"Charlotte","Chas","Y"," ",5,45
"19",1046,"WHAL","BQCV",36,30.731,NA,15.281,NA,30,"7/20/15","WHAL3","Vagans","Lythrum salicaria","9/29/15",NA,10.48,1,160144.88,3557626736,63256.057,175457175.3,18.609,1,1,1,0.85915493,NA,1.288575299,0.646950705,1.314223516,26.9,"Mraz",0,"Middlebury",0,0,0,0,0,0,1,2.43e+09,0,0,0,0,0,0,0,2.33,0,0,"Whaley",44.326216,-73.278147,41,"Charlotte","Chas","Y"," ",5,45
"22",1042,"WHAL","BQCV",37,30.385,NA,19.264,NA,24,"7/20/15","WHAL15","Vagans","Lythrum salicaria","10/10/15",1,6.668,1,128452.352,1013192265,178155.6641,175457175.3,18.609,1,1,1,0.85915493,NA,1.288575299,0.646950705,1.314223516,26.9,"Mraz",0,"Middlebury",0,0,0,0,0,0,1,2.43e+09,0,0,0,0,0,0,0,2.33,0,0,"Whaley",44.326216,-73.278147,41,"Charlotte","Chas","Y"," ",5,45
"25",1043,"WHAL","BQCV",38,31.956,NA,6.734,NA,24,"7/20/15","WHAL21","Vagans","Vicia cracca","10/10/15",0,2.835,1,19090.89,NA,0,175457175.3,18.609,1,1,1,0.85915493,NA,1.288575299,0.646950705,1.314223516,26.9,"Mraz",0,"Middlebury",0,0,0,0,0,0,1,2.43e+09,0,0,0,0,0,0,0,2.33,0,0,"Whaley",44.326216,-73.278147,41,"Charlotte","Chas","Y"," ",5,45
"28",795,"ROCK","BQCV",39,31.849,NA,7.235,NA,24,"7/27/15","ROCK48","Vagans","Trifolium pratense","10/10/15",1,8.8355,0,63924.8425,1807642222,49694.30589,100740782,19.315,1,1,1,0.178571429,NA,0.754972646,0.470509418,0.502122168,19.7,NA,NA,NA,NA,NA,NA,NA,NA,NA,NA,NA,NA,NA,NA,NA,NA,NA,NA,NA,NA,NA,NA,44.849911,-72.942441,117,"Fairfield"," ","N","Red Clover field, collected with Caitlin and Alex",1,7
"40",746,"RICE","BQCV",43,27.36,NA,145.704,NA,24,"7/23/15","RICE29","Vagans","Vicia cracca","10/10/15",1,3.8545,0,561616.068,432728333.4,1823784.967,2760299554,14.187,1,1,1,0,NA,0.786189313,0.371219282,1.134292744,9.2,NA,NA,NA,NA,NA,NA,NA,NA,NA,NA,NA,NA,NA,NA,NA,NA,NA,NA,NA,NA,NA,NA,44.925435,-72.969001,121,"Sheldon","sans hb","N","field across from shot gun city",2,17
"43",744,"RICE","BQCV",44,28.02,NA,93.748,NA,24,"7/23/15","RICE27","Vagans","Vicia cracca","10/10/15",1,7.392,0,692985.216,1129315461,862299.5006,2760299554,14.187,1,1,1,0,NA,0.786189313,0.371219282,1.134292744,9.2,NA,NA,NA,NA,NA,NA,NA,NA,NA,NA,NA,NA,NA,NA,NA,NA,NA,NA,NA,NA,NA,NA,44.925435,-72.969001,121,"Sheldon","sans hb","N","field across from shot gun city",2,17
"52",415,"JOSH","BQCV",47,30.477,NA,18.111,NA,28,"8/19/15","JOSH19","Vagans","Trifolium pratense","11/3/15",1,4.1335,1,74861.8185,3171777569,33167.06853,2374674520,12.77,1,1,1,0.716216216,NA,1.492748366,0.704930748,1.742779777,9.5,"White",1,"Westfield",0,0,0,0,0,0,1,7.37e+10,1,2720000,1,121000,0,0,1,6.19,1,3,"Josh's",44.859642,-72.408081,288,"Westfield","300 nucs","Y"," ",1,32
"61",427,"JOSH","BQCV",50,31.941,NA,6.801,NA,28,"8/19/15","JOSH9","Vagans","Trifolium pratense","11/3/15",1,6.4435,1,43822.2435,1800940853,34193.58189,2374674520,12.77,1,1,1,0.716216216,NA,1.492748366,0.704930748,1.742779777,9.5,"White",1,"Westfield",0,0,0,0,0,0,1,7.37e+10,1,2720000,1,121000,0,0,1,6.19,1,3,"Josh's",44.859642,-72.408081,288,"Westfield","300 nucs","Y"," ",1,32
"64",434,"JOSH","BQCV",51,31.593,NA,8.585,NA,28,"8/19/15","JOSH10","Vagans","Trifolium pratense","11/3/15",1,7.76,1,66619.6,4719392216,19836.51559,2374674520,12.77,1,1,1,0.716216216,NA,1.492748366,0.704930748,1.742779777,9.5,"White",1,"Westfield",0,0,0,0,0,0,1,7.37e+10,1,2720000,1,121000,0,0,1,6.19,1,3,"Josh's",44.859642,-72.408081,288,"Westfield","300 nucs","Y"," ",1,32
"67",1058,"WHAL","BQCV",52,27.472,NA,135.177,NA,28,"7/20/15","WHAL7","Vagans","Lythrum salicaria","11/3/15",1,6.0405,1,816536.6685,3518031296,326156.0456,175457175.3,18.609,1,1,1,0.85915493,NA,1.288575299,0.646950705,1.314223516,26.9,"Mraz",0,"Middlebury",0,0,0,0,0,0,1,2.43e+09,0,0,0,0,0,0,0,2.33,0,0,"Whaley",44.326216,-73.278147,41,"Charlotte","Chas","Y"," ",5,45
"70",1047,"WHAL","BQCV",53,26.192,NA,318.317,NA,28,"7/20/15","WHAL10","Vagans","Lythrum salicaria","11/3/15",1,5.588,1,1778755.396,2053205657,1217399.776,175457175.3,18.609,1,1,1,0.85915493,NA,1.288575299,0.646950705,1.314223516,26.9,"Mraz",0,"Middlebury",0,0,0,0,0,0,1,2.43e+09,0,0,0,0,0,0,0,2.33,0,0,"Whaley",44.326216,-73.278147,41,"Charlotte","Chas","Y"," ",5,45
"73",1041,"WHAL","BQCV",54,29.163,NA,43.625,NA,28,"7/20/15","WHAL22","Vagans","Vicia cracca","11/3/15",1,5.76,1,251280,2967825024,118978.6591,175457175.3,18.609,1,1,1,0.85915493,NA,1.288575299,0.646950705,1.314223516,26.9,"Mraz",0,"Middlebury",0,0,0,0,0,0,1,2.43e+09,0,0,0,0,0,0,0,2.33,0,0,"Whaley",44.326216,-73.278147,41,"Charlotte","Chas","Y"," ",5,45
"76",740,"RICE","BQCV",55,27.759,NA,111.581,NA,28,"7/23/15","RICE23","Vagans","Vicia cracca","11/3/15",1,6.453,0,720032.193,659299331.8,1534683.125,2760299554,14.187,1,1,1,0,NA,0.786189313,0.371219282,1.134292744,9.2,NA,NA,NA,NA,NA,NA,NA,NA,NA,NA,NA,NA,NA,NA,NA,NA,NA,NA,NA,NA,NA,NA,44.925435,-72.969001,121,"Sheldon","sans hb","N","field across from shot gun city",2,17
"82",737,"RICE","BQCV",57,26.098,NA,339.016,NA,28,"7/23/15","RICE26","Vagans","Vicia cracca","11/3/15",1,4.8025,0,1628124.34,531802100.1,4302163.981,2760299554,14.187,1,1,1,0,NA,0.786189313,0.371219282,1.134292744,9.2,NA,NA,NA,NA,NA,NA,NA,NA,NA,NA,NA,NA,NA,NA,NA,NA,NA,NA,NA,NA,NA,NA,44.925435,-72.969001,121,"Sheldon","sans hb","N","field across from shot gun city",2,17
"100",488,"MART","BQCV",63,24.935,NA,737.754,NA,28,"7/15/15","MART42","Vagans","Vicia cracca","11/3/15",0,6.0055,1,4430581.647,2953269965,2108176.824,9560345.413,20.983,1,1,1,0.885714286,NA,0.839665076,0.476270957,0.963306236,17.2,"Palmer",0,"St_Albans",0,0,0,0,0,0,0,0,0,0,0,0,0,0,0,0.18,0,0,"Martin",44.736855,-73.086848,127,"St. Albans City","25","Y"," ",3,26
"103",493,"MART","BQCV",64,30.777,NA,14.821,NA,28,"7/15/15","MART44","Vagans","Vicia cracca","11/3/15",0,3.96,1,58691.16,1481386104,55674.18468,9560345.413,20.983,1,1,1,0.885714286,NA,0.839665076,0.476270957,0.963306236,17.2,"Palmer",0,"St_Albans",0,0,0,0,0,0,0,0,0,0,0,0,0,0,0,0.18,0,0,"Martin",44.736855,-73.086848,127,"St. Albans City","25","Y"," ",3,26
"106",468,"MART","BQCV",65,29.921,NA,26.273,NA,28,"7/15/15","MART40","Vagans","Vicia cracca","11/3/15",0,6.388,1,167831.924,2491308246,94666.54928,9560345.413,20.983,1,1,1,0.885714286,NA,0.839665076,0.476270957,0.963306236,17.2,"Palmer",0,"St_Albans",0,0,0,0,0,0,0,0,0,0,0,0,0,0,0,0.18,0,0,"Martin",44.736855,-73.086848,127,"St. Albans City","25","Y"," ",3,26
"112",432,"JOSH","BQCV",67,27.918,NA,100.337,NA,31,"8/19/15","JOSH15","Vagans","Trifolium pratense","11/7/15",1,5.9305,1,595048.5785,960370521.7,870688.9645,2374674520,12.77,1,1,1,0.716216216,NA,1.492748366,0.704930748,1.742779777,9.5,"White",1,"Westfield",0,0,0,0,0,0,1,7.37e+10,1,2720000,1,121000,0,0,1,6.19,1,3,"Josh's",44.859642,-72.408081,288,"Westfield","300 nucs","Y"," ",1,32
"115",433,"JOSH","BQCV",68,30.574,NA,16.976,NA,31,"8/19/15","JOSH6","Vagans","Trifolium pratense","11/7/15",1,4.232,1,71842.432,768442581.9,131376.9097,2374674520,12.77,1,1,1,0.716216216,NA,1.492748366,0.704930748,1.742779777,9.5,"White",1,"Westfield",0,0,0,0,0,0,1,7.37e+10,1,2720000,1,121000,0,0,1,6.19,1,3,"Josh's",44.859642,-72.408081,288,"Westfield","300 nucs","Y"," ",1,32
"118",428,"JOSH","BQCV",69,28.309,NA,77.269,NA,31,"8/19/15","JOSH20","Vagans","Trifolium pratense","11/7/15",1,2.322,1,179418.618,198831188.2,1268038.496,2374674520,12.77,1,1,1,0.716216216,NA,1.492748366,0.704930748,1.742779777,9.5,"White",1,"Westfield",0,0,0,0,0,0,1,7.37e+10,1,2720000,1,121000,0,0,1,6.19,1,3,"Josh's",44.859642,-72.408081,288,"Westfield","300 nucs","Y"," ",1,32
"121",421,"JOSH","BQCV",70,28.107,NA,88.409,NA,31,"8/19/15","JOSH3","Vagans","Trifolium pratense","11/7/15",1,4.6025,1,406902.4225,586034276.9,975700.8785,2374674520,12.77,1,1,1,0.716216216,NA,1.492748366,0.704930748,1.742779777,9.5,"White",1,"Westfield",0,0,0,0,0,0,1,7.37e+10,1,2720000,1,121000,0,0,1,6.19,1,3,"Josh's",44.859642,-72.408081,288,"Westfield","300 nucs","Y"," ",1,32
"124",1059,"WHAL","BQCV",71,29.26,NA,40.881,NA,31,"7/20/15","WHAL46","Vagans","Trifolium repens","11/7/15",1,7.448,1,304481.688,2720675004,157265.6778,175457175.3,18.609,1,1,1,0.85915493,NA,1.288575299,0.646950705,1.314223516,26.9,"Mraz",0,"Middlebury",0,0,0,0,0,0,1,2.43e+09,0,0,0,0,0,0,0,2.33,0,0,"Whaley",44.326216,-73.278147,41,"Charlotte","Chas","Y"," ",5,45
"127",752,"RICE","BQCV",72,27.066,NA,177.44,NA,31,"7/23/15","RICE20","Vagans","Vicia cracca","11/7/15",0,5.373,0,953385.12,1353546602,989793.4952,2760299554,14.187,1,1,1,0,NA,0.786189313,0.371219282,1.134292744,9.2,NA,NA,NA,NA,NA,NA,NA,NA,NA,NA,NA,NA,NA,NA,NA,NA,NA,NA,NA,NA,NA,NA,44.925435,-72.969001,121,"Sheldon","sans hb","N","field across from shot gun city",2,17
"130",736,"RICE","BQCV",73,23.322,NA,2170.763,NA,31,"7/23/15","RICE10","Vagans","Vicia cracca","11/7/15",0,2.5755,0,5590800.107,207979954.2,37774778.43,2760299554,14.187,1,1,1,0,NA,0.786189313,0.371219282,1.134292744,9.2,NA,NA,NA,NA,NA,NA,NA,NA,NA,NA,NA,NA,NA,NA,NA,NA,NA,NA,NA,NA,NA,NA,44.925435,-72.969001,121,"Sheldon","sans hb","N","field across from shot gun city",2,17
"133",718,"RICE","BQCV",74,28.123,NA,87.454,NA,31,"7/23/15","RICE21","Vagans","Vicia cracca","11/7/15",1,3.298,0,288423.292,516518017.9,784683.0883,2760299554,14.187,1,1,1,0,NA,0.786189313,0.371219282,1.134292744,9.2,NA,NA,NA,NA,NA,NA,NA,NA,NA,NA,NA,NA,NA,NA,NA,NA,NA,NA,NA,NA,NA,NA,44.925435,-72.969001,121,"Sheldon","sans hb","N","field across from shot gun city",2,17
"136",713,"RICE","BQCV",75,30.728,NA,15.313,NA,31,"7/23/15","RICE4","Vagans","Vicia cracca","11/7/15",0,4.283,0,65585.579,1088702109,84654.24325,2760299554,14.187,1,1,1,0,NA,0.786189313,0.371219282,1.134292744,9.2,NA,NA,NA,NA,NA,NA,NA,NA,NA,NA,NA,NA,NA,NA,NA,NA,NA,NA,NA,NA,NA,NA,44.925435,-72.969001,121,"Sheldon","sans hb","N","field across from shot gun city",2,17
"160",605,"NEK","BQCV",83,31.645,NA,8.295,NA,31,"8/3/15","NEK6","Vagans","impatiens capensis","11/7/15",0,2.443,0,20264.685,83374117.68,341552.9537,NA,NA,NA,1,1,0,NA,0.666116131,0.360344763,0.74101189,16.3,NA,NA,NA,NA,NA,NA,NA,NA,NA,NA,NA,NA,NA,NA,NA,NA,NA,NA,NA,NA,NA,NA,44.950872,-71.830196,494,"Norton","sans hb","N","north east kingdom",0,0
"163",474,"MART","BQCV",84,32.45,NA,4.839,NA,31,"7/15/15","MART41","Vagans","Vicia cracca","11/7/15",1,4.4765,1,21661.7835,913115440.4,33336.34357,9560345.413,20.983,1,1,1,0.885714286,NA,0.839665076,0.476270957,0.963306236,17.2,"Palmer",0,"St_Albans",0,0,0,0,0,0,0,0,0,0,0,0,0,0,0,0.18,0,0,"Martin",44.736855,-73.086848,127,"St. Albans City","25","Y"," ",3,26
"166",486,"MART","BQCV",85,31.357,NA,10.053,NA,31,"7/15/15","MART43","Vagans","Vicia cracca","11/7/15",0,2.782,1,27967.446,173625955.4,226353.7005,9560345.413,20.983,1,1,1,0.885714286,NA,0.839665076,0.476270957,0.963306236,17.2,"Palmer",0,"St_Albans",0,0,0,0,0,0,0,0,0,0,0,0,0,0,0,0.18,0,0,"Martin",44.736855,-73.086848,127,"St. Albans City","25","Y"," ",3,26
"169",471,"MART","BQCV",86,24.833,NA,789.85,NA,31,"7/15/15","MART22","Vagans","Vicia cracca","11/7/15",NA,4.176,1,3298413.6,709776846.7,6530293.836,9560345.413,20.983,1,1,1,0.885714286,NA,0.839665076,0.476270957,0.963306236,17.2,"Palmer",0,"St_Albans",0,0,0,0,0,0,0,0,0,0,0,0,0,0,0,0.18,0,0,"Martin",44.736855,-73.086848,127,"St. Albans City","25","Y"," ",3,26
"172",430,"JOSH","BQCV",87,25.801,NA,413.515,NA,31,"8/19/15","JOSH1","Vagans","Trifolium pratense","11/7/15",1,6.7305,1,2783162.708,1534242311,2549142.303,2374674520,12.77,1,1,1,0.716216216,NA,1.492748366,0.704930748,1.742779777,9.5,"White",1,"Westfield",0,0,0,0,0,0,1,7.37e+10,1,2720000,1,121000,0,0,1,6.19,1,3,"Josh's",44.859642,-72.408081,288,"Westfield","300 nucs","Y"," ",1,32
"175",419,"JOSH","BQCV",88,31.44,NA,9.511,NA,31,"8/19/15","JOSH18","Vagans","Trifolium pratense","11/7/15",1,7.668,1,72930.348,1898828604,53972.4285,2374674520,12.77,1,1,1,0.716216216,NA,1.492748366,0.704930748,1.742779777,9.5,"White",1,"Westfield",0,0,0,0,0,0,1,7.37e+10,1,2720000,1,121000,0,0,1,6.19,1,3,"Josh's",44.859642,-72.408081,288,"Westfield","300 nucs","Y"," ",1,32
"178",410,"JOSH","BQCV",89,26.016,NA,358.09,NA,31,"8/19/15","JOSH8","Vagans","Trifolium pratense","11/7/15",1,6.754,1,2418539.86,1733996430,1959992.861,2374674520,12.77,1,1,1,0.716216216,NA,1.492748366,0.704930748,1.742779777,9.5,"White",1,"Westfield",0,0,0,0,0,0,1,7.37e+10,1,2720000,1,121000,0,0,1,6.19,1,3,"Josh's",44.859642,-72.408081,288,"Westfield","300 nucs","Y"," ",1,32
"181",420,"JOSH","BQCV",90,30.816,0.086,14.455,0.827,37,"8/19/15","JOSH2","Vagans","Trifolium pratense","11/7/15",1,1.2385,1,17902.5175,81005475.9,310562.6101,2374674520,12.77,1,1,1,0.716216216,NA,1.492748366,0.704930748,1.742779777,9.5,"White",1,"Westfield",0,0,0,0,0,0,1,7.37e+10,1,2720000,1,121000,0,0,1,6.19,1,3,"Josh's",44.859642,-72.408081,288,"Westfield","300 nucs","Y"," ",1,32
"184",757,"RICE","BQCV",91,32.477,1.091,5.399,3.624,37,"7/23/15","RICE6","Vagans","Vicia cracca","11/7/15",1,8.1135,0,43804.7865,2856375687,21550.41705,2760299554,14.187,1,1,1,0,NA,0.786189313,0.371219282,1.134292744,9.2,NA,NA,NA,NA,NA,NA,NA,NA,NA,NA,NA,NA,NA,NA,NA,NA,NA,NA,NA,NA,NA,NA,44.925435,-72.969001,121,"Sheldon","sans hb","N","field across from shot gun city",2,17
"187",747,"RICE","BQCV",92,27.909,3.495,273.235,359.095,37,"7/23/15","RICE15","Vagans","Vicia cracca","11/7/15",0,1.1675,0,319001.8625,81676175.15,5488419.086,2760299554,14.187,1,1,1,0,NA,0.786189313,0.371219282,1.134292744,9.2,NA,NA,NA,NA,NA,NA,NA,NA,NA,NA,NA,NA,NA,NA,NA,NA,NA,NA,NA,NA,NA,NA,44.925435,-72.969001,121,"Sheldon","sans hb","N","field across from shot gun city",2,17
"190",745,"RICE","BQCV",93,25.458,NA,520.026,NA,32,"7/23/15","RICE5","Vagans","Vicia cracca","11/7/15",1,6.236,0,3242882.136,898573177.3,5071391.667,2760299554,14.187,1,1,1,0,NA,0.786189313,0.371219282,1.134292744,9.2,NA,NA,NA,NA,NA,NA,NA,NA,NA,NA,NA,NA,NA,NA,NA,NA,NA,NA,NA,NA,NA,NA,44.925435,-72.969001,121,"Sheldon","sans hb","N","field across from shot gun city",2,17
"193",758,"RICE","BQCV",94,24.972,NA,720.084,NA,32,"7/23/15","RICE12","Vagans","Vicia cracca","11/7/15",1,2.1285,0,1532698.794,520357885.7,4139082.799,2760299554,14.187,1,1,1,0,NA,0.786189313,0.371219282,1.134292744,9.2,NA,NA,NA,NA,NA,NA,NA,NA,NA,NA,NA,NA,NA,NA,NA,NA,NA,NA,NA,NA,NA,NA,44.925435,-72.969001,121,"Sheldon","sans hb","N","field across from shot gun city",2,17
"196",397,"HOGB","BQCV",95,28.514,NA,67.349,NA,32,"7/28/15","HOGB19","Vagans","Trifolium pratense","11/7/15",1,7.3835,0,497271.3415,1797710141,388707.7519,2588929.379,24.683,1,1,1,0.042553191,NA,0.309520428,0.134865348,0.555870897,74.1,NA,NA,NA,NA,NA,NA,NA,NA,NA,NA,NA,NA,NA,NA,NA,NA,NA,NA,NA,NA,NA,NA,44.682381,-72.773484,143,"Cambridge","sans hb","N","house with succulents-red clover field, red barn",0,0
"217",485,"MART","BQCV",103,27.391,NA,142.715,NA,32,"7/15/15","MART27","Vagans","Vicia cracca","11/7/15",0,4.191,1,598118.565,1092680747,769207.3595,9560345.413,20.983,1,1,1,0.885714286,NA,0.839665076,0.476270957,0.963306236,17.2,"Palmer",0,"St_Albans",0,0,0,0,0,0,0,0,0,0,0,0,0,0,0,0.18,0,0,"Martin",44.736855,-73.086848,127,"St. Albans City","25","Y"," ",3,26
"220",483,"MART","BQCV",104,30.15,0.162,22.615,2.439,37,"7/15/15","MART20","Vagans","Vicia cracca","11/7/15",0,5.107,1,115494.805,1343382561,120812.5866,9560345.413,20.983,1,1,1,0.885714286,NA,0.839665076,0.476270957,0.963306236,17.2,"Palmer",0,"St_Albans",0,0,0,0,0,0,0,0,0,0,0,0,0,0,0,0.18,0,0,"Martin",44.736855,-73.086848,127,"St. Albans City","25","Y"," ",3,26
"223",482,"MART","BQCV",105,27.391,NA,142.78,NA,32,"7/15/15","MART23","Vagans","Vicia cracca","11/7/15",1,6.6765,1,953270.67,1083062898,1236835.64,9560345.413,20.983,1,1,1,0.885714286,NA,0.839665076,0.476270957,0.963306236,17.2,"Palmer",0,"St_Albans",0,0,0,0,0,0,0,0,0,0,0,0,0,0,0,0.18,0,0,"Martin",44.736855,-73.086848,127,"St. Albans City","25","Y"," ",3,26
"226",495,"MART","BQCV",106,30.273,NA,20.758,NA,32,"7/15/15","MART31","Vagans","Vicia cracca","11/7/15",1,8.163,1,169447.554,1384985844,171925.1487,9560345.413,20.983,1,1,1,0.885714286,NA,0.839665076,0.476270957,0.963306236,17.2,"Palmer",0,"St_Albans",0,0,0,0,0,0,0,0,0,0,0,0,0,0,0,0.18,0,0,"Martin",44.736855,-73.086848,127,"St. Albans City","25","Y"," ",3,26
"229",458,"MART","BQCV",107,27.593,NA,124.682,NA,32,"7/15/15","MART32","Vagans","Vicia cracca","11/8/15",1,7.4535,1,929317.287,2759416360,473256.0996,9560345.413,20.983,1,1,1,0.885714286,NA,0.839665076,0.476270957,0.963306236,17.2,"Palmer",0,"St_Albans",0,0,0,0,0,0,0,0,0,0,0,0,0,0,0,0.18,0,0,"Martin",44.736855,-73.086848,127,"St. Albans City","25","Y"," ",3,26
"232",464,"MART","BQCV",108,27.832,NA,106.243,NA,32,"7/15/15","MART35","Vagans","Vicia cracca","11/8/15",1,5.287,1,561706.741,1263610288,624663.1998,9560345.413,20.983,1,1,1,0.885714286,NA,0.839665076,0.476270957,0.963306236,17.2,"Palmer",0,"St_Albans",0,0,0,0,0,0,0,0,0,0,0,0,0,0,0,0.18,0,0,"Martin",44.736855,-73.086848,127,"St. Albans City","25","Y"," ",3,26
"235",1045,"WHAL","BQCV",109,28.95,NA,50.315,NA,32,"7/20/15","WHAL9","Vagans","Lythrum salicaria","11/8/15",1,6.0155,1,302669.8825,1563813743,271977.9035,175457175.3,18.609,1,1,1,0.85915493,NA,1.288575299,0.646950705,1.314223516,26.9,"Mraz",0,"Middlebury",0,0,0,0,0,0,1,2.43e+09,0,0,0,0,0,0,0,2.33,0,0,"Whaley",44.326216,-73.278147,41,"Charlotte","Chas","Y"," ",5,45
"238",1040,"WHAL","BQCV",110,29.496,NA,34.918,NA,32,"7/20/15","WHAL48","Vagans","Trifolium repens","11/8/15",1,5.925,1,206889.15,770280217.5,377431.732,175457175.3,18.609,1,1,1,0.85915493,NA,1.288575299,0.646950705,1.314223516,26.9,"Mraz",0,"Middlebury",0,0,0,0,0,0,1,2.43e+09,0,0,0,0,0,0,0,2.33,0,0,"Whaley",44.326216,-73.278147,41,"Charlotte","Chas","Y"," ",5,45
"241",1039,"WHAL","BQCV",112,28.728,NA,58.351,NA,32,"7/20/15","WHAL13","Vagans","Lythrum salicaria","11/8/15",1,8.5205,1,497179.6955,1573738054,443946.2343,175457175.3,18.609,1,1,1,0.85915493,NA,1.288575299,0.646950705,1.314223516,26.9,"Mraz",0,"Middlebury",0,0,0,0,0,0,1,2.43e+09,0,0,0,0,0,0,0,2.33,0,0,"Whaley",44.326216,-73.278147,41,"Charlotte","Chas","Y"," ",5,45
"268",274,"FERL","BQCV",124,27.129,0.203,170.912,23.086,37,"7/23/15","FERL19","Vagans","Vicia cracca","11/19/15",1,3.902,1,666898.624,1111092783,843449.2058,419532554.7,14.164,1,1,1,0,NA,0.797788845,0.44511214,0.874579171,26.5,"Palmer",0,"St_Albans",0,0,0,0,0,0,1,7.69e+09,0,0,1,20400000,0,0,1,0.42,0,9,"Ferland",44.948248,-73.082924,73,"Highgate","~25","Y"," ",2,27
"277",238,"COL","BQCV",127,30.72,0.454,15.756,4.709,38,"7/16/15","COL48","Vagans","Trifolium repens","11/19/15",1,4.287,0,67545.972,740851817.5,128120.1811,992531886.8,14.196,1,1,1,0.166666667,NA,0.691761499,0.498614958,0.449557505,3.8,NA,NA,NA,NA,NA,NA,NA,NA,NA,NA,NA,NA,NA,NA,NA,NA,NA,NA,NA,NA,NA,NA,44.550141,-73.12475,124,"Colchester","sans hb","N","colchester pond, found vagans nest",3,3
"280",179,"COL","BQCV",128,28.224,0.072,81.793,3.921,38,"7/16/15","COL34","Vagans","Trifolium pratense","11/19/15",0,2.724,0,222804.132,555283314,563842.8226,992531886.8,14.196,1,1,1,0.166666667,NA,0.691761499,0.498614958,0.449557505,3.8,NA,NA,NA,NA,NA,NA,NA,NA,NA,NA,NA,NA,NA,NA,NA,NA,NA,NA,NA,NA,NA,NA,44.550141,-73.12475,124,"Colchester","sans hb","N","colchester pond, found vagans nest",3,3
"286",280,"FERL","BQCV",130,23.039,0.116,2626.665,203.56,38,"7/23/15","FERL14","Vagans","Vicia cracca","11/19/15",1,2.0685,1,5433256.553,313805970.9,24330355.17,419532554.7,14.164,1,1,1,0,NA,0.797788845,0.44511214,0.874579171,26.5,"Palmer",0,"St_Albans",0,0,0,0,0,0,1,7.69e+09,0,0,1,20400000,0,0,1,0.42,0,9,"Ferland",44.948248,-73.082924,73,"Highgate","~25","Y"," ",2,27
"292",234,"COL","BQCV",133,26.138,0.047,330.012,10.403,38,"7/22/15","COL59","Vagans","flying","11/19/15",0,3.6855,0,1216259.226,1295913716,1318862.44,992531886.8,14.196,1,1,1,0.166666667,NA,0.691761499,0.498614958,0.449557505,3.8,NA,NA,NA,NA,NA,NA,NA,NA,NA,NA,NA,NA,NA,NA,NA,NA,NA,NA,NA,NA,NA,NA,44.550141,-73.12475,124,"Colchester","sans hb","N","colchester pond, found vagans nest",3,3
"295",193,"COL","BQCV",134,25.025,0.044,695.059,20.267,38,"7/15/15","COL11","Vagans","Trifolium pratense","11/19/15",1,3.192,0,2218628.328,900274967.8,3463050.448,992531886.8,14.196,1,1,1,0.166666667,NA,0.691761499,0.498614958,0.449557505,3.8,NA,NA,NA,NA,NA,NA,NA,NA,NA,NA,NA,NA,NA,NA,NA,NA,NA,NA,NA,NA,NA,NA,44.550141,-73.12475,124,"Colchester","sans hb","N","colchester pond, found vagans nest",3,3
"304",191,"COL","BQCV",137,29.507,0.202,34.81,4.695,39,"7/16/15","COL54","Vagans","Trifolium repens","11/19/15",1,4.34,0,151075.4,621828473,341407.1307,992531886.8,14.196,1,1,1,0.166666667,NA,0.691761499,0.498614958,0.449557505,3.8,NA,NA,NA,NA,NA,NA,NA,NA,NA,NA,NA,NA,NA,NA,NA,NA,NA,NA,NA,NA,NA,NA,44.550141,-73.12475,124,"Colchester","sans hb","N","colchester pond, found vagans nest",3,3
"307",608,"ONE","BQCV",138,24.504,0.128,986.305,84.142,39,"7/10/15","ONE35","Vagans","Hypericum perforatum","12/8/15",1,6.571,1,6481010.155,2362278574,3855325.316,47746762.25,20.013,1,1,1,0.25,NA,1.490339588,0.716195394,1.739585803,54.4,"Drutchas",0,"Worcester",0,0,0,0,0,0,1,5.68e+09,0,0,0,0,0,0,0,2.9,0,0,"Oneil",44.336968,-73.150093,109,"Hinesburg","16, Rick Drutchas","Y"," ",6,52
"310",646,"ONE","BQCV",139,25.253,0.067,597.027,26.656,39,"7/10/15","ONE24","Vagans","Hypericum perforatum","12/8/15",1,8.748,1,5222792.196,3277158789,2239518.739,47746762.25,20.013,1,1,1,0.25,NA,1.490339588,0.716195394,1.739585803,54.4,"Drutchas",0,"Worcester",0,0,0,0,0,0,1,5.68e+09,0,0,0,0,0,0,0,2.9,0,0,"Oneil",44.336968,-73.150093,109,"Hinesburg","16, Rick Drutchas","Y"," ",6,52
"313",644,"ONE","BQCV",140,27.614,0.142,123.274,11.698,39,"7/10/15","ONE10","Vagans","Hypericum perforatum","12/8/15",0,7.5975,1,936574.215,1320825223,996428.8244,47746762.25,20.013,1,1,1,0.25,NA,1.490339588,0.716195394,1.739585803,54.4,"Drutchas",0,"Worcester",0,0,0,0,0,0,1,5.68e+09,0,0,0,0,0,0,0,2.9,0,0,"Oneil",44.336968,-73.150093,109,"Hinesburg","16, Rick Drutchas","Y"," ",6,52
"316",955,"SWAN","BQCV",141,26.901,0.153,198.568,20.334,39,"7/29/15","SWAN22","Vagans","Trifolium pratense","12/8/15",1,6.027,0,1196769.336,1170883190,1436303.838,9359114.06,21.906,1,1,1,0.071428571,NA,0,0,0.146297324,13.6,NA,NA,NA,NA,NA,NA,NA,NA,NA,NA,NA,NA,NA,NA,NA,NA,NA,NA,NA,NA,NA,NA,44.931132,-73.091239,72,"Highgate","sans hb","N","on airport property, interviewed with newspaper",4,30
"319",968,"SWAN","BQCV",142,29.799,0.003,28.51,0.064,39,"7/29/15","SWAN23","Vagans","Trifolium pratense","12/8/15",1,3.768,0,107425.68,874718968.8,172579.4203,9359114.06,21.906,1,1,1,0.071428571,NA,0,0,0.146297324,13.6,NA,NA,NA,NA,NA,NA,NA,NA,NA,NA,NA,NA,NA,NA,NA,NA,NA,NA,NA,NA,NA,NA,44.931132,-73.091239,72,"Highgate","sans hb","N","on airport property, interviewed with newspaper",4,30
"325",645,"ONE","BQCV",145,24.75,0.047,835.311,26.286,39,"7/22/15","ONE49","Vagans","Solidago","12/8/15",0,5.9625,1,4980541.838,1564944224,4472261.281,47746762.25,20.013,1,1,1,0.25,NA,1.490339588,0.716195394,1.739585803,54.4,"Drutchas",0,"Worcester",0,0,0,0,0,0,1,5.68e+09,0,0,0,0,0,0,0,2.9,0,0,"Oneil",44.336968,-73.150093,109,"Hinesburg","16, Rick Drutchas","Y"," ",6,52
"328",956,"SWAN","BQCV",146,29.506,0.113,34.729,2.624,39,"7/29/15","SWAN26","Vagans","Trifolium pratense","12/8/15",1,7.423,0,257793.367,1509664353,239961.0631,9359114.06,21.906,1,1,1,0.071428571,NA,0,0,0.146297324,13.6,NA,NA,NA,NA,NA,NA,NA,NA,NA,NA,NA,NA,NA,NA,NA,NA,NA,NA,NA,NA,NA,NA,44.931132,-73.091239,72,"Highgate","sans hb","N","on airport property, interviewed with newspaper",4,30
"331",652,"ONE","BQCV",147,28.126,0.213,87.768,12.465,39,"7/10/15","ONE43","Vagans","Hypericum perforatum","12/8/15",1,6.67,1,585412.56,1158742415,709944.7806,47746762.25,20.013,1,1,1,0.25,NA,1.490339588,0.716195394,1.739585803,54.4,"Drutchas",0,"Worcester",0,0,0,0,0,0,1,5.68e+09,0,0,0,0,0,0,0,2.9,0,0,"Oneil",44.336968,-73.150093,109,"Hinesburg","16, Rick Drutchas","Y"," ",6,52
"334",949,"SWAN","BQCV",148,29.304,0.049,39.703,1.292,39,"7/29/15","SWAN","Vagans",NA,"12/8/15",0,5.5775,0,221443.4825,574777215.1,541393.2016,9359114.06,21.906,1,1,1,0.071428571,NA,0,0,0.146297324,13.6,NA,NA,NA,NA,NA,NA,NA,NA,NA,NA,NA,NA,NA,NA,NA,NA,NA,NA,NA,NA,NA,NA,44.931132,-73.091239,72,"Highgate","sans hb","N","on airport property, interviewed with newspaper",4,30
"340",642,"ONE","BQCV",150,24.373,NA,1074.76,NA,40,"7/10/15","ONE28","Vagans","Hypericum perforatum","12/8/15",1,6.053,1,6505522.28,1873275419,4880114.068,47746762.25,20.013,1,1,1,0.25,NA,1.490339588,0.716195394,1.739585803,54.4,"Drutchas",0,"Worcester",0,0,0,0,0,0,1,5.68e+09,0,0,0,0,0,0,0,2.9,0,0,"Oneil",44.336968,-73.150093,109,"Hinesburg","16, Rick Drutchas","Y"," ",6,52
"343",614,"ONE","BQCV",151,27.086,1.423,216.288,179.571,40,"7/10/15","ONE48","Griseocollis","Hypericum perforatum","12/8/15",1,4.3435,1,939446.928,985261688.2,1339892.925,47746762.25,20.013,1,1,1,0.25,NA,1.490339588,0.716195394,1.739585803,54.4,"Drutchas",0,"Worcester",0,0,0,0,0,0,1,5.68e+09,0,0,0,0,0,0,0,2.9,0,0,"Oneil",44.336968,-73.150093,109,"Hinesburg","16, Rick Drutchas","Y"," ",6,52
"346",669,"ONE","BQCV",152,28.144,0.167,86.508,9.671,40,"7/10/15","ONE44","Vagans","Hypericum perforatum","12/8/15",1,8.0605,1,697297.734,733739415.7,1335444.499,47746762.25,20.013,1,1,1,0.25,NA,1.490339588,0.716195394,1.739585803,54.4,"Drutchas",0,"Worcester",0,0,0,0,0,0,1,5.68e+09,0,0,0,0,0,0,0,2.9,0,0,"Oneil",44.336968,-73.150093,109,"Hinesburg","16, Rick Drutchas","Y"," ",6,52
"349",639,"ONE","BQCV",153,24.039,0.188,1348.791,168.999,40,"7/10/15","ONE18","Vagans","Hypericum perforatum","12/8/15",1,5.798,1,7820290.218,1085887417,10120163.03,47746762.25,20.013,1,1,1,0.25,NA,1.490339588,0.716195394,1.739585803,54.4,"Drutchas",0,"Worcester",0,0,0,0,0,0,1,5.68e+09,0,0,0,0,0,0,0,2.9,0,0,"Oneil",44.336968,-73.150093,109,"Hinesburg","16, Rick Drutchas","Y"," ",6,52
"355",966,"SWAN","BQCV",155,25.991,0.055,364.207,13.343,40,"7/29/15","SWAN16","Vagans","Trifolium pratense","12/8/15",1,6.3715,0,2320544.901,1262679021,2582536.392,9359114.06,21.906,1,1,1,0.071428571,NA,0,0,0.146297324,13.6,NA,NA,NA,NA,NA,NA,NA,NA,NA,NA,NA,NA,NA,NA,NA,NA,NA,NA,NA,NA,NA,NA,44.931132,-73.091239,72,"Highgate","sans hb","N","on airport property, interviewed with newspaper",4,30
"358",940,"SWAN","BQCV",156,28.783,0.169,56.439,6.382,40,"7/29/15","SWAN21","Vagans","Trifolium pratense","12/8/15",0,6.193,0,349526.727,953707260.7,515008.9071,9359114.06,21.906,1,1,1,0.071428571,NA,0,0,0.146297324,13.6,NA,NA,NA,NA,NA,NA,NA,NA,NA,NA,NA,NA,NA,NA,NA,NA,NA,NA,NA,NA,NA,NA,44.931132,-73.091239,72,"Highgate","sans hb","N","on airport property, interviewed with newspaper",4,30
"364",531,"MUDGE","BQCV",158,30.06,0.09,23.967,1.447,40,"7/28/15","MUDGE10","Vagans","Cornelia varia","12/16/15",1,7.015,0,168128.505,1189268173,198660.2574,414392429.2,17.388,1,1,1,0.56,NA,1.062009521,0.568938079,0.859498618,28.8,NA,NA,NA,NA,NA,NA,NA,NA,NA,NA,NA,NA,NA,NA,NA,NA,NA,NA,NA,NA,NA,NA,44.672081,-72.599161,261,"Hyde Park","sans hb","N","vaccant lot behind building, along river, swim spot",0,0
"376",551,"MUDGE","BQCV",162,29.904,0.842,28.712,15.367,41,"7/28/15","MUDGE17","Vagans","Cornelia varia","12/16/15",1,3.9775,0,114201.98,676218951.4,237320.7623,414392429.2,17.388,1,1,1,0.56,NA,1.062009521,0.568938079,0.859498618,28.8,NA,NA,NA,NA,NA,NA,NA,NA,NA,NA,NA,NA,NA,NA,NA,NA,NA,NA,NA,NA,NA,NA,44.672081,-72.599161,261,"Hyde Park","sans hb","N","vaccant lot behind building, along river, swim spot",0,0
"382",524,"MUDGE","BQCV",164,30.646,0.251,16.296,2.724,41,"7/28/15","MUDGE12","Vagans","Cornelia varia","12/16/15",1,5.468,0,89106.528,476512632.9,262775.3009,414392429.2,17.388,1,1,1,0.56,NA,1.062009521,0.568938079,0.859498618,28.8,NA,NA,NA,NA,NA,NA,NA,NA,NA,NA,NA,NA,NA,NA,NA,NA,NA,NA,NA,NA,NA,NA,44.672081,-72.599161,261,"Hyde Park","sans hb","N","vaccant lot behind building, along river, swim spot",0,0
"385",984,"TIRE","BQCV",165,29.868,1.361,33.057,26.525,41,"8/3/15","TIRE16","Vagans","Trifolium pratense","12/16/15",1,3.684,0,121781.988,427340721.2,400459.1486,NA,NA,NA,1,1,0.111111111,NA,1.138341973,0.603969754,0.770114332,13.8,NA,NA,NA,NA,NA,NA,NA,NA,NA,NA,NA,NA,NA,NA,NA,NA,NA,NA,NA,NA,NA,NA,44.87368,-72.051344,350,"Charleston","sans hb","N","flat tire site",0,0
"391",1008,"TIRE","BQCV",167,32.312,0.911,5.81,3.338,41,"8/3/15","TIRE13","Vagans","Trifolium pratense","12/16/15",1,5.629,0,32704.49,467500608.6,98304.78087,NA,NA,NA,1,1,0.111111111,NA,1.138341973,0.603969754,0.770114332,13.8,NA,NA,NA,NA,NA,NA,NA,NA,NA,NA,NA,NA,NA,NA,NA,NA,NA,NA,NA,NA,NA,NA,44.87368,-72.051344,350,"Charleston","sans hb","N","flat tire site",0,0
"397",979,"TIRE","BQCV",170,31.845,0.186,7.285,0.902,41,"8/3/15","TIRE29","Vagans","Trifolium pratense","12/16/15",1,7.109,0,51789.065,1009842123,72066.599,NA,NA,NA,1,1,0.111111111,NA,1.138341973,0.603969754,0.770114332,13.8,NA,NA,NA,NA,NA,NA,NA,NA,NA,NA,NA,NA,NA,NA,NA,NA,NA,NA,NA,NA,NA,NA,44.87368,-72.051344,350,"Charleston","sans hb","N","flat tire site",0,0
"406",1011,"TIRE","BQCV",173,24.9,0.149,757.11,75.37,43,"8/3/15","TIRE17","Vagans","Trifolium pratense","12/16/15",1,4.5125,0,3416458.875,636141700.4,7546955.183,NA,NA,NA,1,1,0.111111111,NA,1.138341973,0.603969754,0.770114332,13.8,NA,NA,NA,NA,NA,NA,NA,NA,NA,NA,NA,NA,NA,NA,NA,NA,NA,NA,NA,NA,NA,NA,44.87368,-72.051344,350,"Charleston","sans hb","N","flat tire site",0,0
"421",888,"SAND","BQCV",178,25.444,0.043,525.042,15.029,43,"7/22/15","SAND45","Vagans","Trifolium pratense","1/22/16",1,6.058,0,3180704.436,651091455.7,6864845.342,13878919.47,22.377,1,1,1,0.111111111,NA,0.889762767,0.544159847,0.586609286,9.7,NA,NA,NA,NA,NA,NA,NA,NA,NA,NA,NA,NA,NA,NA,NA,NA,NA,NA,NA,NA,NA,NA,44.654202,-73.16209,98,"Milton","Sans hb","N","field across from house of guy asking about Heinrich, lightning storm",2,4
"433",789,"ROCK","BQCV",182,28.329,0.035,76.243,1.789,43,"7/27/15","ROCK58","Vagans","Trifolium pratense","1/22/16",1,8.9945,0,685767.6635,2235163292,431138.8762,100740782,19.315,1,1,1,0.178571429,NA,0.754972646,0.470509418,0.502122168,19.7,NA,NA,NA,NA,NA,NA,NA,NA,NA,NA,NA,NA,NA,NA,NA,NA,NA,NA,NA,NA,NA,NA,44.849911,-72.942441,117,"Fairfield"," ","N","Red Clover field, collected with Caitlin and Alex",1,7
"436",887,"SAND","BQCV",183,25.019,0.125,698.731,58.136,47,"7/22/15","SAND47","Vagans","Trifolium pratense","1/22/16",0,4.9475,0,3456971.623,717556556.1,6770006.985,13878919.47,22.377,1,1,1,0.111111111,NA,0.889762767,0.544159847,0.586609286,9.7,NA,NA,NA,NA,NA,NA,NA,NA,NA,NA,NA,NA,NA,NA,NA,NA,NA,NA,NA,NA,NA,NA,44.654202,-73.16209,98,"Milton","Sans hb","N","field across from house of guy asking about Heinrich, lightning storm",2,4
"439",853,"SAND","BQCV",184,21.473,0.056,7479.835,280.132,47,"7/19/15","SAND15","Vagans","Trifolium pratense","1/22/16",1,9.231,0,69046356.89,2296550305,42248787.04,13878919.47,22.377,1,1,1,0.111111111,NA,0.889762767,0.544159847,0.586609286,9.7,NA,NA,NA,NA,NA,NA,NA,NA,NA,NA,NA,NA,NA,NA,NA,NA,NA,NA,NA,NA,NA,NA,44.654202,-73.16209,98,"Milton","Sans hb","N","field across from house of guy asking about Heinrich, lightning storm",2,4
"442",837,"ROCK","BQCV",185,22.903,0.055,2874.754,106.174,47,"7/27/15","ROCK46","Vagans","Trifolium pratense","1/22/16",0,6.555,0,18844012.47,1824404381,14514487.83,100740782,19.315,1,1,1,0.178571429,NA,0.754972646,0.470509418,0.502122168,19.7,NA,NA,NA,NA,NA,NA,NA,NA,NA,NA,NA,NA,NA,NA,NA,NA,NA,NA,NA,NA,NA,NA,44.849911,-72.942441,117,"Fairfield"," ","N","Red Clover field, collected with Caitlin and Alex",1,7
"445",882,"SAND","BQCV",186,25.291,0.076,581.819,29.553,47,"7/22/15","SAND46","Vagans","Trifolium pratense","1/22/16",1,4.451,0,2589676.369,419905203.5,8666498.703,13878919.47,22.377,1,1,1,0.111111111,NA,0.889762767,0.544159847,0.586609286,9.7,NA,NA,NA,NA,NA,NA,NA,NA,NA,NA,NA,NA,NA,NA,NA,NA,NA,NA,NA,NA,NA,NA,44.654202,-73.16209,98,"Milton","Sans hb","N","field across from house of guy asking about Heinrich, lightning storm",2,4
"448",884,"SAND","BQCV",187,23.696,0.036,1690.485,40.237,47,"7/19/15","SAND38","Vagans","Trifolium pratense","1/22/16",1,3.653,0,6175341.705,318489088.1,27246823.31,13878919.47,22.377,1,1,1,0.111111111,NA,0.889762767,0.544159847,0.586609286,9.7,NA,NA,NA,NA,NA,NA,NA,NA,NA,NA,NA,NA,NA,NA,NA,NA,NA,NA,NA,NA,NA,NA,44.654202,-73.16209,98,"Milton","Sans hb","N","field across from house of guy asking about Heinrich, lightning storm",2,4
"472",847,"SAND","BQCV",195,29.534,0.086,34.079,1.97,48,"7/22/15","SAND42","Vagans","Trifolium pratense","1/22/16",1,4.94,0,168350.26,1383011490,171055.6574,13878919.47,22.377,1,1,1,0.111111111,NA,0.889762767,0.544159847,0.586609286,9.7,NA,NA,NA,NA,NA,NA,NA,NA,NA,NA,NA,NA,NA,NA,NA,NA,NA,NA,NA,NA,NA,NA,44.654202,-73.16209,98,"Milton","Sans hb","N","field across from house of guy asking about Heinrich, lightning storm",2,4
"475",836,"ROCK","BQCV",196,29.005,0.048,48.514,1.572,48,"7/27/15","ROCK45","Vagans","Trifolium pratense","1/22/16",1,5.482,0,265953.748,635943576.3,587674.6661,100740782,19.315,1,1,1,0.178571429,NA,0.754972646,0.470509418,0.502122168,19.7,NA,NA,NA,NA,NA,NA,NA,NA,NA,NA,NA,NA,NA,NA,NA,NA,NA,NA,NA,NA,NA,NA,44.849911,-72.942441,117,"Fairfield"," ","N","Red Clover field, collected with Caitlin and Alex",1,7
"484",796,"ROCK","BQCV",199,27.824,0.376,108.544,27.01,48,"7/27/15","ROCK49","Vagans","Trifolium repens","1/22/16",0,6.323,0,686323.712,2126885720,453455.0964,100740782,19.315,1,1,1,0.178571429,NA,0.754972646,0.470509418,0.502122168,19.7,NA,NA,NA,NA,NA,NA,NA,NA,NA,NA,NA,NA,NA,NA,NA,NA,NA,NA,NA,NA,NA,NA,44.849911,-72.942441,117,"Fairfield"," ","N","Red Clover field, collected with Caitlin and Alex",1,7
"487",849,"SAND","BQCV",200,29.671,0.696,32.752,14.726,48,"7/19/15","SAND39","Vagans","Trifolium pratense","2/22/16",1,10.9845,0,359764.344,1772460787,285227.1888,13878919.47,22.377,1,1,1,0.111111111,NA,0.889762767,0.544159847,0.586609286,9.7,NA,NA,NA,NA,NA,NA,NA,NA,NA,NA,NA,NA,NA,NA,NA,NA,NA,NA,NA,NA,NA,NA,44.654202,-73.16209,98,"Milton","Sans hb","N","field across from house of guy asking about Heinrich, lightning storm",2,4
"490",25,"BOST-NEAR","BQCV",201,26.004,0.001,361.097,0.126,48,"6/18/15","BOSTN6","Vagans","Vicia cracca","2/22/16",1,7.204,1,2601342.788,2600751340,1405556.127,366994726.8,19.549,1,1,1,0.285714286,NA,1.618767143,0.741409554,1.852016667,40.8,"Mraz",0,"Middlebury",0,0,0,0,0,0,1,2.85e+11,1,3.94e+09,1,415000,0,0,1,2.82,0,5,"Bostwick",44.369755,-73.242064,55,"Shelburne","Chas","Y"," ",9,45
"493",14,"BOST-NEAR","BQCV",202,27.35,0.021,146.721,2.041,48,"6/25/15","BOSTN31","Vagans","Trifolium pratense","2/22/16",0,9.3415,1,1370594.222,3318891651,580316.9569,366994726.8,19.549,1,1,1,0.285714286,NA,1.618767143,0.741409554,1.852016667,40.8,"Mraz",0,"Middlebury",0,0,0,0,0,0,1,2.85e+11,1,3.94e+09,1,415000,0,0,1,2.82,0,5,"Bostwick",44.369755,-73.242064,55,"Shelburne","Chas","Y"," ",9,45
"499",4,"BOST-NEAR","BQCV",204,28.339,0.038,75.704,1.924,48,"6/25/15","BOSTN30","Vagans","Trifolium pratense","2/22/16",1,6.714,1,508276.656,895815651.4,797316.8769,366994726.8,19.549,1,1,1,0.285714286,NA,1.618767143,0.741409554,1.852016667,40.8,"Mraz",0,"Middlebury",0,0,0,0,0,0,1,2.85e+11,1,3.94e+09,1,415000,0,0,1,2.82,0,5,"Bostwick",44.369755,-73.242064,55,"Shelburne","Chas","Y"," ",9,45
"502",56,"BOST-NEAR","BQCV",205,23.287,0.056,2223.395,83.625,50,"7/22/15","BOSTN45","Vagans","Vicia cracca","2/22/16",0,3.7925,1,8432225.538,1051983561,11263742.15,366994726.8,19.549,1,1,1,0.285714286,NA,1.618767143,0.741409554,1.852016667,40.8,"Mraz",0,"Middlebury",0,0,0,0,0,0,1,2.85e+11,1,3.94e+09,1,415000,0,0,1,2.82,0,5,"Bostwick",44.369755,-73.242064,55,"Shelburne","Chas","Y"," ",9,45
"508",885,"SAND","BQCV",207,26.627,0.117,238.251,18.636,50,"7/22/15","SAND43","Vagans","Trifolium pratense","2/22/16",1,11.665,0,2779197.915,2044385737,1910319.778,13878919.47,22.377,1,1,1,0.111111111,NA,0.889762767,0.544159847,0.586609286,9.7,NA,NA,NA,NA,NA,NA,NA,NA,NA,NA,NA,NA,NA,NA,NA,NA,NA,NA,NA,NA,NA,NA,44.654202,-73.16209,98,"Milton","Sans hb","N","field across from house of guy asking about Heinrich, lightning storm",2,4
"511",21,"BOST-NEAR","BQCV",208,30.759,0.455,15.348,4.599,50,"7/22/15","BOSTN44","Vagans","spotted knap weed","2/22/16",0,10.408,1,159741.984,3494763477,64231.89348,366994726.8,19.549,1,1,1,0.285714286,NA,1.618767143,0.741409554,1.852016667,40.8,"Mraz",0,"Middlebury",0,0,0,0,0,0,1,2.85e+11,1,3.94e+09,1,415000,0,0,1,2.82,0,5,"Bostwick",44.369755,-73.242064,55,"Shelburne","Chas","Y"," ",9,45
"514",18,"BOST-NEAR","BQCV",209,27.684,0.045,117.396,3.56,50,"6/25/15","BOSTN22","Vagans","Trifolium pratense","2/22/16",1,8.6835,1,1019408.166,2909725359,492317.8112,366994726.8,19.549,1,1,1,0.285714286,NA,1.618767143,0.741409554,1.852016667,40.8,"Mraz",0,"Middlebury",0,0,0,0,0,0,1,2.85e+11,1,3.94e+09,1,415000,0,0,1,2.82,0,5,"Bostwick",44.369755,-73.242064,55,"Shelburne","Chas","Y"," ",9,45
"517",10,"BOST-NEAR","BQCV",210,25.422,0.062,533.177,22.261,50,"6/25/15","BOSTN25","Vagans","Trifolium pratense","2/22/16",1,8.717,1,4647703.909,2456078210,2659167.533,366994726.8,19.549,1,1,1,0.285714286,NA,1.618767143,0.741409554,1.852016667,40.8,"Mraz",0,"Middlebury",0,0,0,0,0,0,1,2.85e+11,1,3.94e+09,1,415000,0,0,1,2.82,0,5,"Bostwick",44.369755,-73.242064,55,"Shelburne","Chas","Y"," ",9,45
"529",9,"BOST-NEAR","BQCV",214,26.816,0.226,210.892,31.706,51,"6/25/15","BOSTN37","Bimaculatus","Trifolium pratense","3/21/16",0,8.8475,1,1865866.97,987853456.5,2654224.123,366994726.8,19.549,1,1,1,0.285714286,NA,1.618767143,0.741409554,1.852016667,40.8,"Mraz",0,"Middlebury",0,0,0,0,0,0,1,2.85e+11,1,3.94e+09,1,415000,0,0,1,2.82,0,5,"Bostwick",44.369755,-73.242064,55,"Shelburne","Chas","Y"," ",9,45
"535",442,"MART","BQCV",216,23.391,NA,2072.838,NA,51,"7/15/15","MART36","Bimaculatus","Vicia cracca","3/21/16",1,6.3535,1,13169776.23,864981183.1,21395437.68,9560345.413,20.983,1,1,1,0.885714286,NA,0.839665076,0.476270957,0.963306236,17.2,"Palmer",0,"St_Albans",0,0,0,0,0,0,0,0,0,0,0,0,0,0,0,0.18,0,0,"Martin",44.736855,-73.086848,127,"St. Albans City","25","Y"," ",3,26
"538",8,"BOST-NEAR","BQCV",217,29.258,0.383,41.628,10.552,51,"6/25/15","BOSTN32","Bimaculatus","Trifolium pratense","3/21/16",1,11.447,1,476515.716,1371111358,488375.5793,366994726.8,19.549,1,1,1,0.285714286,NA,1.618767143,0.741409554,1.852016667,40.8,"Mraz",0,"Middlebury",0,0,0,0,0,0,1,2.85e+11,1,3.94e+09,1,415000,0,0,1,2.82,0,5,"Bostwick",44.369755,-73.242064,55,"Shelburne","Chas","Y"," ",9,45
"541",448,"MART","BQCV",218,23.723,0.069,1660.504,76.124,51,"7/15/15","MART30","Bimaculatus","Vicia cracca","3/21/16",1,7.1065,1,11800371.68,910828237.1,18205752.72,9560345.413,20.983,1,1,1,0.885714286,NA,0.839665076,0.476270957,0.963306236,17.2,"Palmer",0,"St_Albans",0,0,0,0,0,0,0,0,0,0,0,0,0,0,0,0.18,0,0,"Martin",44.736855,-73.086848,127,"St. Albans City","25","Y"," ",3,26
"547",833,"ROCK","BQCV",220,29.863,0.016,27.322,0.301,51,"7/27/15","ROCK57","Bimaculatus","Trifolium pratense","3/21/16",0,10.5455,0,288124.151,895505985.4,452127.173,100740782,19.315,1,1,1,0.178571429,NA,0.754972646,0.470509418,0.502122168,19.7,NA,NA,NA,NA,NA,NA,NA,NA,NA,NA,NA,NA,NA,NA,NA,NA,NA,NA,NA,NA,NA,NA,44.849911,-72.942441,117,"Fairfield"," ","N","Red Clover field, collected with Caitlin and Alex",1,7
"550",487,"MART","BQCV",221,21.316,0.218,8349.739,1215.467,51,"7/15/15","MART33","Bimaculatus","Vicia cracca","3/21/16",1,10.6995,1,89338032.43,5590886771,22454589.79,9560345.413,20.983,1,1,1,0.885714286,NA,0.839665076,0.476270957,0.963306236,17.2,"Palmer",0,"St_Albans",0,0,0,0,0,0,0,0,0,0,0,0,0,0,0,0.18,0,0,"Martin",44.736855,-73.086848,127,"St. Albans City","25","Y"," ",3,26
"553",29,"BOST-NEAR","BQCV",222,27.81,0.144,108.068,10.365,51,"6/25/15","BOSTN38","Bimaculatus","Trifolium pratense","3/21/16",0,11.6875,1,1263044.75,2376554015,746827.8201,366994726.8,19.549,1,1,1,0.285714286,NA,1.618767143,0.741409554,1.852016667,40.8,"Mraz",0,"Middlebury",0,0,0,0,0,0,1,2.85e+11,1,3.94e+09,1,415000,0,0,1,2.82,0,5,"Bostwick",44.369755,-73.242064,55,"Shelburne","Chas","Y"," ",9,45
"556",790,"ROCK","BQCV",223,29.799,0.725,30.201,14.102,52,"7/27/15","ROCK54","Bimaculatus","Trifolium pratense","3/21/16",1,9.161,0,276671.361,1152901315,337226.357,100740782,19.315,1,1,1,0.178571429,NA,0.754972646,0.470509418,0.502122168,19.7,NA,NA,NA,NA,NA,NA,NA,NA,NA,NA,NA,NA,NA,NA,NA,NA,NA,NA,NA,NA,NA,NA,44.849911,-72.942441,117,"Fairfield"," ","N","Red Clover field, collected with Caitlin and Alex",1,7
"559",491,"MART","BQCV",224,32.28,1.074,6.139,4.068,52,"7/15/15","MART37","Bimaculatus","Vicia cracca","3/21/16",0,9.0425,1,55511.9075,2487222093,31363.24735,9560345.413,20.983,1,1,1,0.885714286,NA,0.839665076,0.476270957,0.963306236,17.2,"Palmer",0,"St_Albans",0,0,0,0,0,0,0,0,0,0,0,0,0,0,0,0.18,0,0,"Martin",44.736855,-73.086848,127,"St. Albans City","25","Y"," ",3,26
"562",13,"BOST-NEAR","BQCV",225,26.055,0.118,349.347,27.44,52,"6/25/15","BOSTN23","Bimaculatus","Trifolium pratense","3/21/16",0,9.8955,1,3456963.239,1852727241,2622000.156,366994726.8,19.549,1,1,1,0.285714286,NA,1.618767143,0.741409554,1.852016667,40.8,"Mraz",0,"Middlebury",0,0,0,0,0,0,1,2.85e+11,1,3.94e+09,1,415000,0,0,1,2.82,0,5,"Bostwick",44.369755,-73.242064,55,"Shelburne","Chas","Y"," ",9,45
"565",489,"MART","BQCV",226,22.488,0.019,3792.192,49.319,52,"7/15/15","MART29","Bimaculatus","Vicia cracca","3/21/16",0,5.552,1,21054249.98,843483769.1,35076195.67,9560345.413,20.983,1,1,1,0.885714286,NA,0.839665076,0.476270957,0.963306236,17.2,"Palmer",0,"St_Albans",0,0,0,0,0,0,0,0,0,0,0,0,0,0,0,0.18,0,0,"Martin",44.736855,-73.086848,127,"St. Albans City","25","Y"," ",3,26
"571",826,"ROCK","BQCV",228,28.885,0.047,52.559,1.637,52,"7/27/15","ROCK53","Bimaculatus","Trifolium pratense","3/21/16",1,7.8555,0,412877.2245,286465324.5,2025341.706,100740782,19.315,1,1,1,0.178571429,NA,0.754972646,0.470509418,0.502122168,19.7,NA,NA,NA,NA,NA,NA,NA,NA,NA,NA,NA,NA,NA,NA,NA,NA,NA,NA,NA,NA,NA,NA,44.849911,-72.942441,117,"Fairfield"," ","N","Red Clover field, collected with Caitlin and Alex",1,7
"577",470,"MART","BQCV",230,24.968,0.242,726.547,116.967,52,"7/15/15","MART18","Bimaculatus","Vicia cracca","3/21/16",0,7.795,1,5663433.865,1056775555,7530893.631,9560345.413,20.983,1,1,1,0.885714286,NA,0.839665076,0.476270957,0.963306236,17.2,"Palmer",0,"St_Albans",0,0,0,0,0,0,0,0,0,0,0,0,0,0,0,0.18,0,0,"Martin",44.736855,-73.086848,127,"St. Albans City","25","Y"," ",3,26
"583",799,"ROCK","BQCV",232,30.535,0.197,17.5,2.3,52,"7/27/15","ROCK55","Bimaculatus","Trifolium pratense","3/23/16",0,8.7595,0,153291.25,444823658.9,484260.3668,100740782,19.315,1,1,1,0.178571429,NA,0.754972646,0.470509418,0.502122168,19.7,NA,NA,NA,NA,NA,NA,NA,NA,NA,NA,NA,NA,NA,NA,NA,NA,NA,NA,NA,NA,NA,NA,44.849911,-72.942441,117,"Fairfield"," ","N","Red Clover field, collected with Caitlin and Alex",1,7
"586",479,"MART","BQCV",233,31.108,0.816,12.771,6.646,52,"7/15/15","MART21","Bimaculatus","Vicia cracca","3/23/16",1,10.2015,1,130283.3565,2490762535,73503.16725,9560345.413,20.983,1,1,1,0.885714286,NA,0.839665076,0.476270957,0.963306236,17.2,"Palmer",0,"St_Albans",0,0,0,0,0,0,0,0,0,0,0,0,0,0,0,0.18,0,0,"Martin",44.736855,-73.086848,127,"St. Albans City","25","Y"," ",3,26
"592",494,"MART","BQCV",235,27.851,0.11,105.064,7.725,53,"7/15/15","MART38","Bimaculatus","Vicia cracca","3/23/16",1,7.4395,1,781623.628,368148716.4,2983484.788,9560345.413,20.983,1,1,1,0.885714286,NA,0.839665076,0.476270957,0.963306236,17.2,"Palmer",0,"St_Albans",0,0,0,0,0,0,0,0,0,0,0,0,0,0,0,0.18,0,0,"Martin",44.736855,-73.086848,127,"St. Albans City","25","Y"," ",3,26
"595",492,"MART","BQCV",236,29.373,0.404,38.612,10.309,53,"7/15/15","MART39","Bimaculatus","Vicia cracca","3/23/16",1,1.749,1,67532.388,25385694.35,3738285.785,9560345.413,20.983,1,1,1,0.885714286,NA,0.839665076,0.476270957,0.963306236,17.2,"Palmer",0,"St_Albans",0,0,0,0,0,0,0,0,0,0,0,0,0,0,0,0.18,0,0,"Martin",44.736855,-73.086848,127,"St. Albans City","25","Y"," ",3,26
"598",371,"HOGB","BQCV",237,31.893,0.367,7.129,1.733,53,"7/28/15","HOGB7","Bimaculatus","Trifolium pratense","3/23/16",1,14.0875,0,100429.7875,4394734810,32112.8839,2588929.379,24.683,1,1,1,0.042553191,NA,0.309520428,0.134865348,0.555870897,74.1,NA,NA,NA,NA,NA,NA,NA,NA,NA,NA,NA,NA,NA,NA,NA,NA,NA,NA,NA,NA,NA,NA,44.682381,-72.773484,143,"Cambridge","sans hb","N","house with succulents-red clover field, red barn",0,0
"607",396,"HOGB","BQCV",240,28.216,0.14,82.404,7.731,53,"7/28/15","HOGB36","Bimaculatus","Trifolium pratense","3/23/16",0,7.1955,0,592937.982,740926823.1,1124561.97,2588929.379,24.683,1,1,1,0.042553191,NA,0.309520428,0.134865348,0.555870897,74.1,NA,NA,NA,NA,NA,NA,NA,NA,NA,NA,NA,NA,NA,NA,NA,NA,NA,NA,NA,NA,NA,NA,44.682381,-72.773484,143,"Cambridge","sans hb","N","house with succulents-red clover field, red barn",0,0
"613",957,"SWAN","BQCV",242,29.773,0.16,29.094,3.105,53,"7/29/15","SWAN5","Bimaculatus","Trifolium pratense","3/28/16",1,7.957,0,231500.958,294656351.3,1104044.109,9359114.06,21.906,1,1,1,0.071428571,NA,0,0,0.146297324,13.6,NA,NA,NA,NA,NA,NA,NA,NA,NA,NA,NA,NA,NA,NA,NA,NA,NA,NA,NA,NA,NA,NA,44.931132,-73.091239,72,"Highgate","sans hb","N","on airport property, interviewed with newspaper",4,30
"616",190,"COL","BQCV",243,28.923,0.162,51.361,5.559,53,"7/16/15","COL51","Bimaculatus","Trifolium repens","3/28/16",0,6.9615,0,357549.6015,295835834.4,1698380.359,992531886.8,14.196,1,1,1,0.166666667,NA,0.691761499,0.498614958,0.449557505,3.8,NA,NA,NA,NA,NA,NA,NA,NA,NA,NA,NA,NA,NA,NA,NA,NA,NA,NA,NA,NA,NA,NA,44.550141,-73.12475,124,"Colchester","sans hb","N","colchester pond, found vagans nest",3,3
"622",953,"SWAN","BQCV",245,25.408,0.021,537.827,7.478,54,"7/29/15","SWAN33","Bimaculatus","Trifolium pratense","3/28/16",1,11.684,0,6283970.668,1956999312,4512247.524,9359114.06,21.906,1,1,1,0.071428571,NA,0,0,0.146297324,13.6,NA,NA,NA,NA,NA,NA,NA,NA,NA,NA,NA,NA,NA,NA,NA,NA,NA,NA,NA,NA,NA,NA,44.931132,-73.091239,72,"Highgate","sans hb","N","on airport property, interviewed with newspaper",4,30
"625",879,"SAND","BQCV",246,23.558,0.022,1853.467,27.805,54,"7/19/15","SAND4","Bimaculatus","Trifolium pratense","3/28/16",1,9.989,0,18514281.86,803681616.7,32372204.54,13878919.47,22.377,1,1,1,0.111111111,NA,0.889762767,0.544159847,0.586609286,9.7,NA,NA,NA,NA,NA,NA,NA,NA,NA,NA,NA,NA,NA,NA,NA,NA,NA,NA,NA,NA,NA,NA,44.654202,-73.16209,98,"Milton","Sans hb","N","field across from house of guy asking about Heinrich, lightning storm",2,4
"628",848,"SAND","BQCV",247,22.215,0.296,4596.233,905.363,54,"7/19/15","SAND10","Bimaculatus","Trifolium pratense","3/28/16",0,9.237,0,42455404.22,608745863.2,98004585.51,13878919.47,22.377,1,1,1,0.111111111,NA,0.889762767,0.544159847,0.586609286,9.7,NA,NA,NA,NA,NA,NA,NA,NA,NA,NA,NA,NA,NA,NA,NA,NA,NA,NA,NA,NA,NA,NA,44.654202,-73.16209,98,"Milton","Sans hb","N","field across from house of guy asking about Heinrich, lightning storm",2,4
"637",748,"RICE","BQCV",250,26.117,0.366,339.723,82.31,54,"7/23/15","RICE14","Bimaculatus","Vicia cracca","3/28/16",0,5.7735,0,1961390.741,914466108.4,3014018.719,2760299554,14.187,1,1,1,0,NA,0.786189313,0.371219282,1.134292744,9.2,NA,NA,NA,NA,NA,NA,NA,NA,NA,NA,NA,NA,NA,NA,NA,NA,NA,NA,NA,NA,NA,NA,44.925435,-72.969001,121,"Sheldon","sans hb","N","field across from shot gun city",2,17
"640",878,"SAND","BQCV",251,23.3,0.224,2215.286,330.795,54,"7/19/15","SAND13","Bimaculatus","Trifolium pratense","3/30/16",1,6.244,0,13832245.78,450490551,43147580.75,13878919.47,22.377,1,1,1,0.111111111,NA,0.889762767,0.544159847,0.586609286,9.7,NA,NA,NA,NA,NA,NA,NA,NA,NA,NA,NA,NA,NA,NA,NA,NA,NA,NA,NA,NA,NA,NA,44.654202,-73.16209,98,"Milton","Sans hb","N","field across from house of guy asking about Heinrich, lightning storm",2,4
"643",952,"SWAN","BQCV",252,26.539,0.344,255.819,58.419,54,"7/29/15","SWAN13","Bimaculatus","Trifolium pratense","3/30/16",0,9.204,0,2354558.076,619437612.5,5341475.905,9359114.06,21.906,1,1,1,0.071428571,NA,0,0,0.146297324,13.6,NA,NA,NA,NA,NA,NA,NA,NA,NA,NA,NA,NA,NA,NA,NA,NA,NA,NA,NA,NA,NA,NA,44.931132,-73.091239,72,"Highgate","sans hb","N","on airport property, interviewed with newspaper",4,30
"646",886,"SAND","BQCV",253,26.584,0.046,244.914,7.573,54,"7/19/15","SAND25","Bimaculatus","Trifolium pratense","3/30/16",1,8.5745,0,2100015.093,906682635.4,3254741.915,13878919.47,22.377,1,1,1,0.111111111,NA,0.889762767,0.544159847,0.586609286,9.7,NA,NA,NA,NA,NA,NA,NA,NA,NA,NA,NA,NA,NA,NA,NA,NA,NA,NA,NA,NA,NA,NA,44.654202,-73.16209,98,"Milton","Sans hb","N","field across from house of guy asking about Heinrich, lightning storm",2,4
"649",951,"SWAN","BQCV",254,23.969,0.108,1410.525,101.919,54,"7/29/15","SWAN35","Bimaculatus","Trifolium pratense","3/30/16",0,5.8005,0,8181750.263,819919642.6,14022465.08,9359114.06,21.906,1,1,1,0.071428571,NA,0,0,0.146297324,13.6,NA,NA,NA,NA,NA,NA,NA,NA,NA,NA,NA,NA,NA,NA,NA,NA,NA,NA,NA,NA,NA,NA,44.931132,-73.091239,72,"Highgate","sans hb","N","on airport property, interviewed with newspaper",4,30
"652",714,"RICE","BQCV",255,25.02,0.146,698.916,68.004,54,"7/23/15","RICE28","Bimaculatus","Vicia cracca","3/30/16",0,9.719,0,6792764.604,932157454,10240159.64,2760299554,14.187,1,1,1,0,NA,0.786189313,0.371219282,1.134292744,9.2,NA,NA,NA,NA,NA,NA,NA,NA,NA,NA,NA,NA,NA,NA,NA,NA,NA,NA,NA,NA,NA,NA,44.925435,-72.969001,121,"Sheldon","sans hb","N","field across from shot gun city",2,17
"658",782,"RICE","BQCV",257,24.684,0.112,874.154,65.433,55,"7/23/15","RICE7","Bimaculatus","Vicia cracca","3/30/16",1,5.8475,0,5111615.515,1454715555,4937754.984,2760299554,14.187,1,1,1,0,NA,0.786189313,0.371219282,1.134292744,9.2,NA,NA,NA,NA,NA,NA,NA,NA,NA,NA,NA,NA,NA,NA,NA,NA,NA,NA,NA,NA,NA,NA,44.925435,-72.969001,121,"Sheldon","sans hb","N","field across from shot gun city",2,17
"661",783,"RICE","BQCV",258,24.213,0.176,1200.071,140.94,55,"7/23/15","RICE16","Bimaculatus","Vicia cracca","3/30/16",1,8.2055,0,9847182.591,1189177739,11636293.3,2760299554,14.187,1,1,1,0,NA,0.786189313,0.371219282,1.134292744,9.2,NA,NA,NA,NA,NA,NA,NA,NA,NA,NA,NA,NA,NA,NA,NA,NA,NA,NA,NA,NA,NA,NA,44.925435,-72.969001,121,"Sheldon","sans hb","N","field across from shot gun city",2,17
"664",973,"SWAN","BQCV",259,26.111,0.099,336.349,22.328,55,"7/29/15","SWAN6","Bimaculatus","Trifolium pratense","3/30/16",0,11.212,0,3771144.988,2794794161,1896150.66,9359114.06,21.906,1,1,1,0.071428571,NA,0,0,0.146297324,13.6,NA,NA,NA,NA,NA,NA,NA,NA,NA,NA,NA,NA,NA,NA,NA,NA,NA,NA,NA,NA,NA,NA,44.931132,-73.091239,72,"Highgate","sans hb","N","on airport property, interviewed with newspaper",4,30
"667",880,"SAND","BQCV",260,22.011,0.036,5219.493,124.026,55,"7/19/15","SAND2","Bimaculatus","Trifolium pratense","3/30/16",1,10.997,0,57398764.52,2405036312,33537473.74,13878919.47,22.377,1,1,1,0.111111111,NA,0.889762767,0.544159847,0.586609286,9.7,NA,NA,NA,NA,NA,NA,NA,NA,NA,NA,NA,NA,NA,NA,NA,NA,NA,NA,NA,NA,NA,NA,44.654202,-73.16209,98,"Milton","Sans hb","N","field across from house of guy asking about Heinrich, lightning storm",2,4
"670",851,"SAND","BQCV",261,25.719,0.05,436.875,14.519,55,"7/19/15","SAND32","Bimaculatus","Trifolium pratense","4/4/16",1,10.768,0,4704270,1487288436,4444741.191,13878919.47,22.377,1,1,1,0.111111111,NA,0.889762767,0.544159847,0.586609286,9.7,NA,NA,NA,NA,NA,NA,NA,NA,NA,NA,NA,NA,NA,NA,NA,NA,NA,NA,NA,NA,NA,NA,44.654202,-73.16209,98,"Milton","Sans hb","N","field across from house of guy asking about Heinrich, lightning storm",2,4
"673",881,"SAND","BQCV",262,26.932,0.039,194.037,5.066,55,"7/19/15","SAND11","Bimaculatus","Trifolium pratense","4/4/16",1,5.053,0,980468.961,378822753.1,3637032.925,13878919.47,22.377,1,1,1,0.111111111,NA,0.889762767,0.544159847,0.586609286,9.7,NA,NA,NA,NA,NA,NA,NA,NA,NA,NA,NA,NA,NA,NA,NA,NA,NA,NA,NA,NA,NA,NA,44.654202,-73.16209,98,"Milton","Sans hb","N","field across from house of guy asking about Heinrich, lightning storm",2,4
"676",754,"RICE","BQCV",263,23.163,0.027,2414.924,44.053,55,"7/23/15","RICE3","Bimaculatus","Vicia cracca","4/4/16",0,10.591,0,25576460.08,1203734509,29857893.43,2760299554,14.187,1,1,1,0,NA,0.786189313,0.371219282,1.134292744,9.2,NA,NA,NA,NA,NA,NA,NA,NA,NA,NA,NA,NA,NA,NA,NA,NA,NA,NA,NA,NA,NA,NA,44.925435,-72.969001,121,"Sheldon","sans hb","N","field across from shot gun city",2,17
"688",883,"SAND","BQCV",267,22.094,1.02,5522.846,3501.138,62,"7/19/15","SAND5","Bimaculatus","Trifolium pratense","4/4/16",1,9.426,0,52058346.4,3028322880,24156701.35,13878919.47,22.377,1,1,1,0.111111111,NA,0.889762767,0.544159847,0.586609286,9.7,NA,NA,NA,NA,NA,NA,NA,NA,NA,NA,NA,NA,NA,NA,NA,NA,NA,NA,NA,NA,NA,NA,44.654202,-73.16209,98,"Milton","Sans hb","N","field across from house of guy asking about Heinrich, lightning storm",2,4
"691",948,"SWAN","BQCV",268,29.625,0.259,32.279,5.556,62,"7/29/15","SWAN7","Bimaculatus","Trifolium pratense","4/4/16",1,7.5335,0,243173.8465,882409703.2,387254.1035,9359114.06,21.906,1,1,1,0.071428571,NA,0,0,0.146297324,13.6,NA,NA,NA,NA,NA,NA,NA,NA,NA,NA,NA,NA,NA,NA,NA,NA,NA,NA,NA,NA,NA,NA,44.931132,-73.091239,72,"Highgate","sans hb","N","on airport property, interviewed with newspaper",4,30
"694",920,"SWAN","BQCV",269,25.475,0.535,530.994,186.213,62,"7/29/15","SWAN12","Bimaculatus","Trifolium pratense","4/4/16",0,9.6395,0,5118516.663,2366670954,3039174.802,9359114.06,21.906,1,1,1,0.071428571,NA,0,0,0.146297324,13.6,NA,NA,NA,NA,NA,NA,NA,NA,NA,NA,NA,NA,NA,NA,NA,NA,NA,NA,NA,NA,NA,NA,44.931132,-73.091239,72,"Highgate","sans hb","N","on airport property, interviewed with newspaper",4,30
"697",755,"RICE","BQCV",270,30.513,2.315,29.397,33.204,62,"7/23/15","RICE33","Bimaculatus","Vicia cracca","4/4/16",1,10.733,0,315518.001,2888273483,153509.5037,2760299554,14.187,1,1,1,0,NA,0.786189313,0.371219282,1.134292744,9.2,NA,NA,NA,NA,NA,NA,NA,NA,NA,NA,NA,NA,NA,NA,NA,NA,NA,NA,NA,NA,NA,NA,44.925435,-72.969001,121,"Sheldon","sans hb","N","field across from shot gun city",2,17
"700",950,"SWAN","BQCV",271,30.622,0.15,16.478,1.645,62,"7/29/15","SWAN9","Bimaculatus","Trifolium pratense","4/6/16",0,7.0415,0,116029.837,605887022.3,269108.5343,9359114.06,21.906,1,1,1,0.071428571,NA,0,0,0.146297324,13.6,NA,NA,NA,NA,NA,NA,NA,NA,NA,NA,NA,NA,NA,NA,NA,NA,NA,NA,NA,NA,NA,NA,44.931132,-73.091239,72,"Highgate","sans hb","N","on airport property, interviewed with newspaper",4,30
"703",743,"RICE","BQCV",272,28.816,1.07,62.208,41.076,62,"7/23/15","RICE11","Bimaculatus","Vicia cracca","4/6/16",1,7.022,0,436824.576,463365489,1324746.614,2760299554,14.187,1,1,1,0,NA,0.786189313,0.371219282,1.134292744,9.2,NA,NA,NA,NA,NA,NA,NA,NA,NA,NA,NA,NA,NA,NA,NA,NA,NA,NA,NA,NA,NA,NA,44.925435,-72.969001,121,"Sheldon","sans hb","N","field across from shot gun city",2,17
"706",749,"RICE","BQCV",273,26.557,0.319,252.183,53.428,62,"7/23/15","RICE32","Bimaculatus","Vicia cracca","4/6/16",1,7.2615,0,1831226.855,1668000026,1542749.927,2760299554,14.187,1,1,1,0,NA,0.786189313,0.371219282,1.134292744,9.2,NA,NA,NA,NA,NA,NA,NA,NA,NA,NA,NA,NA,NA,NA,NA,NA,NA,NA,NA,NA,NA,NA,44.925435,-72.969001,121,"Sheldon","sans hb","N","field across from shot gun city",2,17
"715",850,"SAND","BQCV",276,27.672,0.882,128.694,71.845,62,"7/22/15","SAND41","Bimaculatus","Trifolium pratense","4/6/16",0,8.4555,0,1088172.117,2183556606,700297.5024,13878919.47,22.377,1,1,1,0.111111111,NA,0.889762767,0.544159847,0.586609286,9.7,NA,NA,NA,NA,NA,NA,NA,NA,NA,NA,NA,NA,NA,NA,NA,NA,NA,NA,NA,NA,NA,NA,44.654202,-73.16209,98,"Milton","Sans hb","N","field across from house of guy asking about Heinrich, lightning storm",2,4
"718",895,"SAND","BQCV",277,26.266,NA,302.946,NA,62,"7/19/15","SAND3","Bimaculatus","Trifolium pratense","4/6/16",1,8.283,0,2509301.718,2750078920,1282204.114,13878919.47,22.377,1,1,1,0.111111111,NA,0.889762767,0.544159847,0.586609286,9.7,NA,NA,NA,NA,NA,NA,NA,NA,NA,NA,NA,NA,NA,NA,NA,NA,NA,NA,NA,NA,NA,NA,44.654202,-73.16209,98,"Milton","Sans hb","N","field across from house of guy asking about Heinrich, lightning storm",2,4
"723",741,"RICE","BQCV",279,28.035,0.315,93.844,19.627,57,"7/23/15","RICE31","Bimaculatus","Vicia cracca","4/6/16",0,12.6195,0,1184264.358,1921452137,866100.9742,2760299554,14.187,1,1,1,0,NA,0.786189313,0.371219282,1.134292744,9.2,NA,NA,NA,NA,NA,NA,NA,NA,NA,NA,NA,NA,NA,NA,NA,NA,NA,NA,NA,NA,NA,NA,44.925435,-72.969001,121,"Sheldon","sans hb","N","field across from shot gun city",2,17
"741",668,"ONE","BQCV",285,25.572,0.003,481.936,0.823,57,"7/10/15","ONE32","Bimaculatus","Hypericum perforatum","4/18/16",1,8.733,1,4208747.088,1922985990,3075573.765,47746762.25,20.013,1,1,1,0.25,NA,1.490339588,0.716195394,1.739585803,54.4,"Drutchas",0,"Worcester",0,0,0,0,0,0,1,5.68e+09,0,0,0,0,0,0,0,2.9,0,0,"Oneil",44.336968,-73.150093,109,"Hinesburg","16, Rick Drutchas","Y"," ",6,52
"747",653,"ONE","BQCV",287,24.743,0.123,840.418,69.146,57,"7/10/15","ONE27","Bimaculatus","Hypericum perforatum","4/18/16",1,9.958,1,8368882.444,1192247441,9863941.947,47746762.25,20.013,1,1,1,0.25,NA,1.490339588,0.716195394,1.739585803,54.4,"Drutchas",0,"Worcester",0,0,0,0,0,0,1,5.68e+09,0,0,0,0,0,0,0,2.9,0,0,"Oneil",44.336968,-73.150093,109,"Hinesburg","16, Rick Drutchas","Y"," ",6,52
"750",651,"ONE","BQCV",288,28.358,0.02,74.759,1.001,57,"7/10/15","ONE40","Bimaculatus","Hypericum perforatum","4/18/16",1,5.555,1,415286.245,146861645.7,3973640.7,47746762.25,20.013,1,1,1,0.25,NA,1.490339588,0.716195394,1.739585803,54.4,"Drutchas",0,"Worcester",0,0,0,0,0,0,1,5.68e+09,0,0,0,0,0,0,0,2.9,0,0,"Oneil",44.336968,-73.150093,109,"Hinesburg","16, Rick Drutchas","Y"," ",6,52
"765",1010,"TIRE","BQCV",293,31.871,0.164,7.152,0.784,58,"8/3/15","TIRE27","Bimaculatus","Trifolium pratense","4/18/16",1,10.569,0,75589.488,7163966246,14827.13739,NA,NA,NA,1,1,0.111111111,NA,1.138341973,0.603969754,0.770114332,13.8,NA,NA,NA,NA,NA,NA,NA,NA,NA,NA,NA,NA,NA,NA,NA,NA,NA,NA,NA,NA,NA,NA,44.87368,-72.051344,350,"Charleston","sans hb","N","flat tire site",0,0
"768",650,"ONE","BQCV",294,24.538,0.018,962.481,11.808,58,"7/10/15","ONE29","Bimaculatus","Hypericum perforatum","4/18/16",1,10.233,1,9849068.073,5294809002,2613931.965,47746762.25,20.013,1,1,1,0.25,NA,1.490339588,0.716195394,1.739585803,54.4,"Drutchas",0,"Worcester",0,0,0,0,0,0,1,5.68e+09,0,0,0,0,0,0,0,2.9,0,0,"Oneil",44.336968,-73.150093,109,"Hinesburg","16, Rick Drutchas","Y"," ",6,52
"771",286,"FERL","BQCV",295,22.515,0.274,3757.22,685.041,58,"7/23/15","FERL9","Bimaculatus","Hypericum perforatum","4/18/16",1,13.6205,1,51175215.01,6061668137,11863612.67,419532554.7,14.164,1,1,1,0,NA,0.797788845,0.44511214,0.874579171,26.5,"Palmer",0,"St_Albans",0,0,0,0,0,0,1,7.69e+09,0,0,1,20400000,0,0,1,0.42,0,9,"Ferland",44.948248,-73.082924,73,"Highgate","~25","Y"," ",2,27
"774",1013,"TIRE","BQCV",296,31.969,0.295,6.744,1.323,58,"8/3/15","TIRE28","Bimaculatus","Trifolium pratense","4/18/16",0,8.228,0,55489.632,1151976033,67688.95979,NA,NA,NA,1,1,0.111111111,NA,1.138341973,0.603969754,0.770114332,13.8,NA,NA,NA,NA,NA,NA,NA,NA,NA,NA,NA,NA,NA,NA,NA,NA,NA,NA,NA,NA,NA,NA,44.87368,-72.051344,350,"Charleston","sans hb","N","flat tire site",0,0
"777",19,"BOST-NEAR","BQCV",297,24.295,0.122,1134.549,92.161,58,"6/18/15","BOSTN14","Bimaculatus","Vicia cracca","4/18/16",1,11.525,1,13075677.23,2229011872,8243302.722,366994726.8,19.549,1,1,1,0.285714286,NA,1.618767143,0.741409554,1.852016667,40.8,"Mraz",0,"Middlebury",0,0,0,0,0,0,1,2.85e+11,1,3.94e+09,1,415000,0,0,1,2.82,0,5,"Bostwick",44.369755,-73.242064,55,"Shelburne","Chas","Y"," ",9,45
"780",7,"BOST-NEAR","BQCV",298,20.579,0.069,13602.208,626.518,58,"6/18/15","BOSTN3","Bimaculatus","Vicia cracca","4/18/16",0,7.8675,1,107015371.4,3488604490,43106609.66,366994726.8,19.549,1,1,1,0.285714286,NA,1.618767143,0.741409554,1.852016667,40.8,"Mraz",0,"Middlebury",0,0,0,0,0,0,1,2.85e+11,1,3.94e+09,1,415000,0,0,1,2.82,0,5,"Bostwick",44.369755,-73.242064,55,"Shelburne","Chas","Y"," ",9,45
"801",1034,"TIRE","BQCV",305,28.617,0.123,62.987,5.182,59,"8/3/15","TIRE25","Vagans","Trifolium pratense","4/20/16",0,8.525,0,536964.175,2787417545,270702.7834,NA,NA,NA,1,1,0.111111111,NA,1.138341973,0.603969754,0.770114332,13.8,NA,NA,NA,NA,NA,NA,NA,NA,NA,NA,NA,NA,NA,NA,NA,NA,NA,NA,NA,NA,NA,NA,44.87368,-72.051344,350,"Charleston","sans hb","N","flat tire site",0,0
"804",981,"TIRE","BQCV",306,31.309,0.202,10.428,1.402,59,"8/3/15","TIRE1","Bimaculatus","Trifolium pratense","4/20/16",1,6.3015,0,65712.042,306188435.7,301582.1397,NA,NA,NA,1,1,0.111111111,NA,1.138341973,0.603969754,0.770114332,13.8,NA,NA,NA,NA,NA,NA,NA,NA,NA,NA,NA,NA,NA,NA,NA,NA,NA,NA,NA,NA,NA,NA,44.87368,-72.051344,350,"Charleston","sans hb","N","flat tire site",0,0
"813",181,"COL","BQCV",309,27.321,0.197,150.275,19.744,59,"7/16/15","COL20","Bimaculatus","Trifolium pratense","4/20/16",1,11.858,0,1781960.95,4915547137,509419.7245,992531886.8,14.196,1,1,1,0.166666667,NA,0.691761499,0.498614958,0.449557505,3.8,NA,NA,NA,NA,NA,NA,NA,NA,NA,NA,NA,NA,NA,NA,NA,NA,NA,NA,NA,NA,NA,NA,44.550141,-73.12475,124,"Colchester","sans hb","N","colchester pond, found vagans nest",3,3
"825",166,"CLERK","BQCV",313,30.799,0.224,14.683,2.194,60,"7/28/15","CLERK12","Bimaculatus","Trifolium pratense","4/20/16",0,13.1725,0,193411.8175,4291844191,63326.93923,NA,NA,NA,1,1,0.114285714,NA,0.594880254,0.404996713,0.292402933,27.3,NA,NA,NA,NA,NA,NA,NA,NA,NA,NA,NA,NA,NA,NA,NA,NA,NA,NA,NA,NA,NA,NA,44.807917,-72.447151,300,"Lowell","sans hb","N","near Clerk's office in Lowell, Red clover field mowed",0,0
"828",548,"MUDGE","BQCV",314,27.347,0.083,147.134,8.124,60,"7/28/15","MUDGE21","Bimaculatus","Cornelia varia","4/25/16",1,7.2575,0,1067825.005,3664343973,409499.4201,414392429.2,17.388,1,1,1,0.56,NA,1.062009521,0.568938079,0.859498618,28.8,NA,NA,NA,NA,NA,NA,NA,NA,NA,NA,NA,NA,NA,NA,NA,NA,NA,NA,NA,NA,NA,NA,44.672081,-72.599161,261,"Hyde Park","sans hb","N","vaccant lot behind building, along river, swim spot",0,0
"834",528,"MUDGE","BQCV",317,32.048,0.333,6.411,1.417,60,"7/28/15","MUDGE26","Bimaculatus","Cornelia varia","4/25/16",1,5.649,0,36215.739,509411771.1,99902.83545,414392429.2,17.388,1,1,1,0.56,NA,1.062009521,0.568938079,0.859498618,28.8,NA,NA,NA,NA,NA,NA,NA,NA,NA,NA,NA,NA,NA,NA,NA,NA,NA,NA,NA,NA,NA,NA,44.672081,-72.599161,261,"Hyde Park","sans hb","N","vaccant lot behind building, along river, swim spot",0,0
"837",793,"ROCK","BQCV",318,26.959,0.207,191.471,26.485,60,"7/27/15","ROCK3","Bimaculatus","Trifolium pratense","4/25/16",0,9.0665,0,1735971.822,3171065313,769284.3959,100740782,19.315,1,1,1,0.178571429,NA,0.754972646,0.470509418,0.502122168,19.7,NA,NA,NA,NA,NA,NA,NA,NA,NA,NA,NA,NA,NA,NA,NA,NA,NA,NA,NA,NA,NA,NA,44.849911,-72.942441,117,"Fairfield"," ","N","Red Clover field, collected with Caitlin and Alex",1,7
"840",529,"MUDGE","BQCV",319,29.424,0.179,36.773,4.383,60,"7/28/15","MUDGE18","Bimaculatus","Cornelia varia","4/25/16",1,6.9555,0,255774.6015,2847213754,126237.0342,414392429.2,17.388,1,1,1,0.56,NA,1.062009521,0.568938079,0.859498618,28.8,NA,NA,NA,NA,NA,NA,NA,NA,NA,NA,NA,NA,NA,NA,NA,NA,NA,NA,NA,NA,NA,NA,44.672081,-72.599161,261,"Hyde Park","sans hb","N","vaccant lot behind building, along river, swim spot",0,0
"843",787,"ROCK","BQCV",320,28.328,0.615,79.502,31.821,60,"7/27/15","ROCK23","Bimaculatus","Trifolium pratense","4/25/16",0,8.3025,0,660065.355,1292321652,717737.6967,100740782,19.315,1,1,1,0.178571429,NA,0.754972646,0.470509418,0.502122168,19.7,NA,NA,NA,NA,NA,NA,NA,NA,NA,NA,NA,NA,NA,NA,NA,NA,NA,NA,NA,NA,NA,NA,44.849911,-72.942441,117,"Fairfield"," ","N","Red Clover field, collected with Caitlin and Alex",1,7
"852",522,"MUDGE","BQCV",323,30.819,0.046,14.413,0.446,61,"7/28/15","MUDGE27","Bimaculatus","Cornelia varia","4/25/16",1,11.526,0,166124.238,2331094081,100143.4708,414392429.2,17.388,1,1,1,0.56,NA,1.062009521,0.568938079,0.859498618,28.8,NA,NA,NA,NA,NA,NA,NA,NA,NA,NA,NA,NA,NA,NA,NA,NA,NA,NA,NA,NA,NA,NA,44.672081,-72.599161,261,"Hyde Park","sans hb","N","vaccant lot behind building, along river, swim spot",0,0
"858",786,"ROCK","BQCV",325,27.584,0.09,125.6,7.592,61,"7/27/15","ROCK39","Bimaculatus","Trifolium pratense","4/25/16",0,10.43,0,1310008,2420977911,760383.2822,100740782,19.315,1,1,1,0.178571429,NA,0.754972646,0.470509418,0.502122168,19.7,NA,NA,NA,NA,NA,NA,NA,NA,NA,NA,NA,NA,NA,NA,NA,NA,NA,NA,NA,NA,NA,NA,44.849911,-72.942441,117,"Fairfield"," ","N","Red Clover field, collected with Caitlin and Alex",1,7
"864",843,"ROCK","BQCV",327,27.814,0.071,107.631,5.142,61,"7/27/15","ROCK18","Bimaculatus","Trifolium pratense","4/25/16",0,8.2815,0,891346.1265,1073521205,1166769.836,100740782,19.315,1,1,1,0.178571429,NA,0.754972646,0.470509418,0.502122168,19.7,NA,NA,NA,NA,NA,NA,NA,NA,NA,NA,NA,NA,NA,NA,NA,NA,NA,NA,NA,NA,NA,NA,44.849911,-72.942441,117,"Fairfield"," ","N","Red Clover field, collected with Caitlin and Alex",1,7
"870",567,"MUDGE","BQCV",329,30.554,0.694,18.135,8.131,61,"7/28/15","MUDGE22","Bimaculatus","Cornelia varia","4/25/16",0,6.7895,0,123127.5825,2644670618,65423.41371,414392429.2,17.388,1,1,1,0.56,NA,1.062009521,0.568938079,0.859498618,28.8,NA,NA,NA,NA,NA,NA,NA,NA,NA,NA,NA,NA,NA,NA,NA,NA,NA,NA,NA,NA,NA,NA,44.672081,-72.599161,261,"Hyde Park","sans hb","N","vaccant lot behind building, along river, swim spot",0,0
"873",526,"MUDGE","BQCV",330,21.981,0.01,5324.05,34.012,61,"7/28/15","MUDGE20","Bimaculatus","Cornelia varia","4/25/16",1,7.872,0,41910921.6,2302135699,25582661.85,414392429.2,17.388,1,1,1,0.56,NA,1.062009521,0.568938079,0.859498618,28.8,NA,NA,NA,NA,NA,NA,NA,NA,NA,NA,NA,NA,NA,NA,NA,NA,NA,NA,NA,NA,NA,NA,44.672081,-72.599161,261,"Hyde Park","sans hb","N","vaccant lot behind building, along river, swim spot",0,0
"879",813,"ROCK","BQCV",332,27.14,0.028,168.861,3.112,61,"7/27/15","ROCK5","Bimaculatus","Trifolium pratense","4/27/16",0,7.311,0,1234542.771,637138625.9,2722837.011,100740782,19.315,1,1,1,0.178571429,NA,0.754972646,0.470509418,0.502122168,19.7,NA,NA,NA,NA,NA,NA,NA,NA,NA,NA,NA,NA,NA,NA,NA,NA,NA,NA,NA,NA,NA,NA,44.849911,-72.942441,117,"Fairfield"," ","N","Red Clover field, collected with Caitlin and Alex",1,7
"882",834,"ROCK","BQCV",333,25.402,0.153,541.564,55.462,61,"7/27/15","ROCK34","Bimaculatus","Trifolium pratense","4/27/16",0,7.8835,0,4269419.794,898596490.4,6676572.667,100740782,19.315,1,1,1,0.178571429,NA,0.754972646,0.470509418,0.502122168,19.7,NA,NA,NA,NA,NA,NA,NA,NA,NA,NA,NA,NA,NA,NA,NA,NA,NA,NA,NA,NA,NA,NA,44.849911,-72.942441,117,"Fairfield"," ","N","Red Clover field, collected with Caitlin and Alex",1,7
"885",641,"ONE","BQCV",334,27.141,0.05,168.796,5.631,63,"7/10/15","ONE22","Bimaculatus","Hypericum perforatum","4/27/16",1,5.375,1,907278.5,444884396.3,2865780.246,47746762.25,20.013,1,1,1,0.25,NA,1.490339588,0.716195394,1.739585803,54.4,"Drutchas",0,"Worcester",0,0,0,0,0,0,1,5.68e+09,0,0,0,0,0,0,0,2.9,0,0,"Oneil",44.336968,-73.150093,109,"Hinesburg","16, Rick Drutchas","Y"," ",6,52
"888",649,"ONE","BQCV",335,29.128,NA,44.663,NA,63,"7/10/15","ONE14","Bimaculatus","Hypericum perforatum","4/27/16",1,7.2545,1,324007.7335,859288386.6,529865.7803,47746762.25,20.013,1,1,1,0.25,NA,1.490339588,0.716195394,1.739585803,54.4,"Drutchas",0,"Worcester",0,0,0,0,0,0,1,5.68e+09,0,0,0,0,0,0,0,2.9,0,0,"Oneil",44.336968,-73.150093,109,"Hinesburg","16, Rick Drutchas","Y"," ",6,52
"894",550,"MUDGE","BQCV",337,30.138,0.934,24.985,14.663,63,"7/28/15","MUDGE19","Bimaculatus","Cornelia varia","4/27/16",1,6.834,0,170747.49,412394928.1,581822.4193,414392429.2,17.388,1,1,1,0.56,NA,1.062009521,0.568938079,0.859498618,28.8,NA,NA,NA,NA,NA,NA,NA,NA,NA,NA,NA,NA,NA,NA,NA,NA,NA,NA,NA,NA,NA,NA,44.672081,-72.599161,261,"Hyde Park","sans hb","N","vaccant lot behind building, along river, swim spot",0,0
"897",610,"ONE","BQCV",338,25.764,0.151,424.948,42.825,63,"7/10/15","ONE21","Bimaculatus","Hypericum perforatum","4/27/16",1,4.6825,1,1989819.01,1024069633,2730445.588,47746762.25,20.013,1,1,1,0.25,NA,1.490339588,0.716195394,1.739585803,54.4,"Drutchas",0,"Worcester",0,0,0,0,0,0,1,5.68e+09,0,0,0,0,0,0,0,2.9,0,0,"Oneil",44.336968,-73.150093,109,"Hinesburg","16, Rick Drutchas","Y"," ",6,52
"900",643,"ONE","BQCV",339,28.028,0.255,93.867,15.917,63,"7/10/15","ONE42","Bimaculatus","Hypericum perforatum","4/27/16",1,4.625,1,434134.875,190091200,3209313.196,47746762.25,20.013,1,1,1,0.25,NA,1.490339588,0.716195394,1.739585803,54.4,"Drutchas",0,"Worcester",0,0,0,0,0,0,1,5.68e+09,0,0,0,0,0,0,0,2.9,0,0,"Oneil",44.336968,-73.150093,109,"Hinesburg","16, Rick Drutchas","Y"," ",6,52
"903",648,"ONE","BQCV",340,25.39,0.124,545.394,45.091,63,"7/10/15","ONE30","Bimaculatus","Hypericum perforatum","4/27/16",1,10.324,1,5630647.656,1256828842,6295520.644,47746762.25,20.013,1,1,1,0.25,NA,1.490339588,0.716195394,1.739585803,54.4,"Drutchas",0,"Worcester",0,0,0,0,0,0,1,5.68e+09,0,0,0,0,0,0,0,2.9,0,0,"Oneil",44.336968,-73.150093,109,"Hinesburg","16, Rick Drutchas","Y"," ",6,52
"906",547,"MUDGE","BQCV",341,31.689,0.079,8.058,0.427,63,"7/28/15","MUDGE23","Bimaculatus","Cornelia varia","4/27/16",1,7.966,0,64190.028,963940726.4,93576.47353,414392429.2,17.388,1,1,1,0.56,NA,1.062009521,0.568938079,0.859498618,28.8,NA,NA,NA,NA,NA,NA,NA,NA,NA,NA,NA,NA,NA,NA,NA,NA,NA,NA,NA,NA,NA,NA,44.672081,-72.599161,261,"Hyde Park","sans hb","N","vaccant lot behind building, along river, swim spot",0,0
"909",523,"MUDGE","BQCV",342,27.292,0.267,153.711,27.306,63,"7/28/15","MUDGE24","Bimaculatus","Cornelia varia","4/27/16",1,7.956,0,1222924.716,1086403893,1581822.862,414392429.2,17.388,1,1,1,0.56,NA,1.062009521,0.568938079,0.859498618,28.8,NA,NA,NA,NA,NA,NA,NA,NA,NA,NA,NA,NA,NA,NA,NA,NA,NA,NA,NA,NA,NA,NA,44.672081,-72.599161,261,"Hyde Park","sans hb","N","vaccant lot behind building, along river, swim spot",0,0
"921",688,"PAT","BQCV",346,23.334,0.055,2153.786,79.64,64,"7/7/15","PAT12","Bimaculatus","Cornelia varia","5/2/16",1,11.464,1,24691002.7,4213039030,8235551.428,4616640.743,22.355,1,1,1,0.444444444,NA,1.417353999,0.685783962,1.318841748,56.7,"Mraz",0,"Middlebury",0,0,0,0,0,0,1,7.59e+09,1,1610000,0,0,0,0,0,4.1,0,0,"Paton",44.158423,-73.339091,75,"Vergennes","Chas","Y"," ",4,54
"930",680,"PAT","BQCV",349,23.846,0.036,1528.751,36.878,64,"7/7/15","PAT24","Bimaculatus","Cornelia varia","5/2/16",1,9.3625,1,14312931.24,2798762085,7186410.844,4616640.743,22.355,1,1,1,0.444444444,NA,1.417353999,0.685783962,1.318841748,56.7,"Mraz",0,"Middlebury",0,0,0,0,0,0,1,7.59e+09,1,1610000,0,0,0,0,0,4.1,0,0,"Paton",44.158423,-73.339091,75,"Vergennes","Chas","Y"," ",4,54
"933",703,"PAT","BQCV",350,20.901,0.086,10976.685,630.72,64,"7/7/15","PAT33","Bimaculatus","Cornelia varia","5/2/16",1,7.193,1,78955295.21,1217529115,91127896.42,4616640.743,22.355,1,1,1,0.444444444,NA,1.417353999,0.685783962,1.318841748,56.7,"Mraz",0,"Middlebury",0,0,0,0,0,0,1,7.59e+09,1,1610000,0,0,0,0,0,4.1,0,0,"Paton",44.158423,-73.339091,75,"Vergennes","Chas","Y"," ",4,54
"942",79,"CIND","BQCV",353,25.489,0.106,510.147,36.006,64,"7/29/15","CIND36","Bimaculatus","Trifolium repens","5/2/16",1,11.4835,0,5858273.075,2615780186,3147152.624,14771904.63,21.606,1,1,1,0.032258065,NA,0,0,0.105971097,132.7,NA,NA,NA,NA,NA,NA,NA,NA,NA,NA,NA,NA,NA,NA,NA,NA,NA,NA,NA,NA,NA,NA,44.50658,-72.626181,228,"Morristown","sans hb","N","white clover field along interstate",1,1
"945",673,"PAT","BQCV",354,19.867,0.019,21902.406,282.046,64,"7/4/15","PAT1","Bimaculatus",NA,"5/2/16",1,7.888,1,172766178.5,2622276150,92582678.48,4616640.743,22.355,1,1,1,0.444444444,NA,1.417353999,0.685783962,1.318841748,56.7,"Mraz",0,"Middlebury",0,0,0,0,0,0,1,7.59e+09,1,1610000,0,0,0,0,0,4.1,0,0,"Paton",44.158423,-73.339091,75,"Vergennes","Chas","Y"," ",4,54
"948",693,"PAT","BQCV",355,21.627,0.107,6753.976,481.184,64,"7/4/15","PAT9","Griseocollis","Cornelia varia","5/2/16",NA,7.5495,1,50989141.81,1457897836,49147343.7,4616640.743,22.355,1,1,1,0.444444444,NA,1.417353999,0.685783962,1.318841748,56.7,"Mraz",0,"Middlebury",0,0,0,0,0,0,1,7.59e+09,1,1610000,0,0,0,0,0,4.1,0,0,"Paton",44.158423,-73.339091,75,"Vergennes","Chas","Y"," ",4,54
"957",97,"CIND","BQCV",358,25.599,0.128,474.142,40.531,65,"7/29/15","CIND39","Bimaculatus","Trifolium repens","5/4/16",0,8.52,0,4039689.84,1957172822,2900469.377,14771904.63,21.606,1,1,1,0.032258065,NA,0,0,0.105971097,132.7,NA,NA,NA,NA,NA,NA,NA,NA,NA,NA,NA,NA,NA,NA,NA,NA,NA,NA,NA,NA,NA,NA,44.50658,-72.626181,228,"Morristown","sans hb","N","white clover field along interstate",1,1
"963",704,"PAT","BQCV",360,22.442,0.037,3910.601,95.986,65,"7/7/15","PAT37","Bimaculatus",NA,"5/4/16",1,7.019,1,27448508.42,575091727.8,67070426.45,4616640.743,22.355,1,1,1,0.444444444,NA,1.417353999,0.685783962,1.318841748,56.7,"Mraz",0,"Middlebury",0,0,0,0,0,0,1,7.59e+09,1,1610000,0,0,0,0,0,4.1,0,0,"Paton",44.158423,-73.339091,75,"Vergennes","Chas","Y"," ",4,54
"975",331,"FLAN","BQCV",364,30.508,0.85,19.199,10.363,65,"7/10/15","FLAN19","Bimaculatus","Cornelia varia","5/4/16",0,1.417,0,27204.983,9304880.702,4108535.922,NA,NA,NA,1,1,0.074074074,NA,0.168316422,0.060839506,0.564373561,67.5,NA,NA,NA,NA,NA,NA,NA,NA,NA,NA,NA,NA,NA,NA,NA,NA,NA,NA,NA,NA,NA,NA,44.237572,-73.231302,64,"Ferrisburgh","sans hb","N","Across VT flannel company, lot getting sold by owners",4,10
"978",700,"PAT","BQCV",365,22.233,0.002,4496.87,5.81,65,"7/7/15","PAT13","Bimaculatus","Cornelia varia","5/4/16",1,4.119,1,18522607.53,153710959.6,169334999.1,4616640.743,22.355,1,1,1,0.444444444,NA,1.417353999,0.685783962,1.318841748,56.7,"Mraz",0,"Middlebury",0,0,0,0,0,0,1,7.59e+09,1,1610000,0,0,0,0,0,4.1,0,0,"Paton",44.158423,-73.339091,75,"Vergennes","Chas","Y"," ",4,54
"981",68,"CIND","BQCV",366,24.545,0.064,958.692,41.054,65,"7/29/15","CIND28","Bimaculatus","Trifolium repens","5/4/16",0,5.9915,0,5744003.118,889008584.5,9079420.941,14771904.63,21.606,1,1,1,0.032258065,NA,0,0,0.105971097,132.7,NA,NA,NA,NA,NA,NA,NA,NA,NA,NA,NA,NA,NA,NA,NA,NA,NA,NA,NA,NA,NA,NA,44.50658,-72.626181,228,"Morristown","sans hb","N","white clover field along interstate",1,1
"984",702,"PAT","BQCV",367,26.133,0.117,331.593,25.95,71,"7/7/15","PAT25","Bimaculatus","Cornelia varia","5/4/16",1,3.601,1,1194066.393,366548238.7,4577694.198,4616640.743,22.355,1,1,1,0.444444444,NA,1.417353999,0.685783962,1.318841748,56.7,"Mraz",0,"Middlebury",0,0,0,0,0,0,1,7.59e+09,1,1610000,0,0,0,0,0,4.1,0,0,"Paton",44.158423,-73.339091,75,"Vergennes","Chas","Y"," ",4,54
"987",80,"CIND","BQCV",368,23.243,0.026,2289.592,40.166,71,"7/29/15","CIND27","Bimaculatus","Trifolium repens","5/4/16",0,5.7625,0,13193773.9,892823194.8,20766007.76,14771904.63,21.606,1,1,1,0.032258065,NA,0,0,0.105971097,132.7,NA,NA,NA,NA,NA,NA,NA,NA,NA,NA,NA,NA,NA,NA,NA,NA,NA,NA,NA,NA,NA,NA,44.50658,-72.626181,228,"Morristown","sans hb","N","white clover field along interstate",1,1
"990",691,"PAT","BQCV",369,23.804,0.01,1572.583,10.117,71,"7/7/15","PAT14","Bimaculatus","Cornelia varia","5/4/16",1,6.515,1,10245378.25,513547481,28034759.34,4616640.743,22.355,1,1,1,0.444444444,NA,1.417353999,0.685783962,1.318841748,56.7,"Mraz",0,"Middlebury",0,0,0,0,0,0,1,7.59e+09,1,1610000,0,0,0,0,0,4.1,0,0,"Paton",44.158423,-73.339091,75,"Vergennes","Chas","Y"," ",4,54
"1005",701,"PAT","BQCV",374,23.582,0.113,1826.741,138.429,71,"7/7/15","PAT17","Bimaculatus","Cornelia varia","5/15/16",1,8.247,1,15065133.03,931951492.8,22715855.72,4616640.743,22.355,1,1,1,0.444444444,NA,1.417353999,0.685783962,1.318841748,56.7,"Mraz",0,"Middlebury",0,0,0,0,0,0,1,7.59e+09,1,1610000,0,0,0,0,0,4.1,0,0,"Paton",44.158423,-73.339091,75,"Vergennes","Chas","Y"," ",4,54
"1008",527,"MUDGE","BQCV",375,25.598,0.05,473.682,15.712,71,"7/28/15","MUDGE6","Bimaculatus","Cornelia varia","5/18/16",NA,5.4725,0,2592224.745,682427645.4,5337839.106,414392429.2,17.388,1,1,1,0.56,NA,1.062009521,0.568938079,0.859498618,28.8,NA,NA,NA,NA,NA,NA,NA,NA,NA,NA,NA,NA,NA,NA,NA,NA,NA,NA,NA,NA,NA,NA,44.672081,-72.599161,261,"Hyde Park","sans hb","N","vaccant lot behind building, along river, swim spot",0,0
"1011",797,"ROCK","BQCV",376,32.005,1.031,7.309,4.675,73,"7/27/15","ROCK4","Vagans","Trifolium pratense","8/13/16",1,9.734,0,71145.806,1409627653,70924.18144,100740782,19.315,1,1,1,0.178571429,NA,0.754972646,0.470509418,0.502122168,19.7,NA,NA,NA,NA,NA,NA,NA,NA,NA,NA,NA,NA,NA,NA,NA,NA,NA,NA,NA,NA,NA,NA,44.849911,-72.942441,117,"Fairfield"," ","N","Red Clover field, collected with Caitlin and Alex",1,7
"1014",846,"ROCK","BQCV",377,30.714,0.103,15.481,1.069,73,"7/27/15","ROCK41","Vagans","Trifolium pratense","8/13/16",1,7.774,0,120349.294,666793899.1,253630.4361,100740782,19.315,1,1,1,0.178571429,NA,0.754972646,0.470509418,0.502122168,19.7,NA,NA,NA,NA,NA,NA,NA,NA,NA,NA,NA,NA,NA,NA,NA,NA,NA,NA,NA,NA,NA,NA,44.849911,-72.942441,117,"Fairfield"," ","N","Red Clover field, collected with Caitlin and Alex",1,7
"1017",835,"ROCK","BQCV",378,27.142,0.26,169.885,29.412,73,"7/27/15","ROCK36","Bimaculatus","Trifolium pratense","8/13/16",0,7.1695,0,1217990.508,724532965.1,2362300.776,100740782,19.315,1,1,1,0.178571429,NA,0.754972646,0.470509418,0.502122168,19.7,NA,NA,NA,NA,NA,NA,NA,NA,NA,NA,NA,NA,NA,NA,NA,NA,NA,NA,NA,NA,NA,NA,44.849911,-72.942441,117,"Fairfield"," ","N","Red Clover field, collected with Caitlin and Alex",1,7
