"","sample_name","ID","labID","treatmentID","Treatment","SamplingEvent","VarroaLoad","NosemaChamber1","NosemaChamber2","NosemaCounter","MiteCounter","QueenStatus","BroodPattern","FOB","ChalkBrood","AFB","EFB","PMS","SBV","Snot","BSB","DWV","WaxMoth","SmallBeetle","Date","Yard","BeesAlcPulled","BeesAlcRemain","TotBees","dil.factor","BQCVload","DWVload","IAPVload","DWVbinary","IAPVbinary","BQCVbinary","NosemaLoad","Varroa","logDWV","logBQCV"
"1","E33-1","E33",33,"E","Exposed",1,NA,NA,NA,"Kendall","Greer","QueenRight",4,6,0,0,0,0,0,0,1,0,0,0,"25-Jan","Franks",NA,NA,NA,NA,NA,NA,NA,NA,NA,NA,NA,NA,NA,NA
"2","E33-2","E33",33,"E","Exposed",2,1,1,0,"Kendall","Greer","QueenRight",5,15,0,0,0,0,0,0,0,0,0,0,"28-Feb","wayne",100,286,386,21.8785,531426.309768925,0,0,0,0,1,0.5,0.259067357512953,0,13.1833217031005
"3","E33-3","E33",33,"E","Exposed",3,3,6,1,"Alex","Sam","QueenCellsPresent",4,30,0,0,0,0,0,0,0,0,0,0,"25-Apr","franks ",100,91,191,17.442,21058730.2601972,167739143.606966,0,1,0,1,3.5,1.57068062827225,18.9379206199902,16.8628258188001
"4","E34-1","E34",34,"E","Exposed",1,NA,NA,NA,"Kendall","Greer","QueenRight",5,7,0,0,0,0,0,0,0,0,0,0,"25-Jan","Franks",NA,NA,NA,NA,NA,NA,NA,NA,NA,NA,NA,NA,NA,NA
"5","E34-2","E34",34,"E","Exposed",2,0,8,11,"Kendall","Greer","QueenRight",4,15,0,0,0,0,0,0,0,0,0,0,"28-Feb","wayne",100,246,346,10.7115,4275663.45976938,0,0,0,0,1,9.5,0,0,15.268450077461
"6","E34-3","E34",34,"E","Exposed",3,10,9,3,"Alex","Kendall","QueenRight",4,33,0,0,0,0,0,0,0,0,0,0,"25-Apr","wayne",100,103,203,27.973,78702078.4364172,740937221.970941,0,1,0,1,6,4.92610837438424,20.423426460334,18.1811801353564
"7","E35-1","E35",35,"E","Exposed",1,NA,NA,NA,"Kendall","Greer","QueenRight",5,8,0,0,0,0,0,0,0,0,0,0,"25-Jan","Franks",NA,NA,NA,NA,NA,NA,NA,NA,NA,NA,NA,NA,NA,NA
"8","E35-2","E35",35,"E","Exposed",2,0,0,0,"Kendall","Greer","QueenRight",3,10,0,0,0,0,0,0,0,0,0,0,"28-Feb","wayne",100,249,349,15.371,2038458.22093456,0,0,0,0,1,0,0,0,14.5277047965942
"9","E35-3","E35",35,"E","Exposed",3,2,2,1,"Alex","Sam","QueenRight",3,16,0,0,0,1,0,0,0,0,0,0,"25-Apr","wayne",100,171,271,17.087,2939435780.00166,49062887.3213601,0,1,0,1,1.5,0.738007380073801,17.7086134683058,21.8014834886558
"10","E36-1","E36",36,"E","Exposed",1,NA,NA,NA,"Kendall","Greer","QueenRight",5,8,0,0,0,0,0,0,0,0,0,0,"25-Jan","Franks",NA,NA,NA,NA,NA,NA,NA,NA,NA,NA,NA,NA,NA,NA
"11","E36-2","E36",36,"E","Exposed",2,0,0,1,"Kendall","Greer","QueenRight",4,16,0,0,0,0,0,0,0,0,0,0,"28-Feb","wayne",100,219,319,19.4755,1607286.03446906,0,0,0,0,1,0.5,0,0,14.290058243872
"12","E36-3","E36",36,"E","Exposed",3,3,4,7,"Alex","Kendall","QueenRight",4,28,0,0,0,0,0,0,0,0,0,0,"25-Apr","wayne",100,143,243,23.6505,56743392.4390031,9014931.33267875,0,1,0,1,5.5,1.23456790123457,16.0143929085103,17.8540497923773
"13","E37-1","E37",37,"E","Exposed",1,NA,NA,NA,"Kendall","Greer","QueenRight",5,7,0,0,0,0,0,0,0,0,0,0,"25-Jan","Franks",NA,NA,NA,NA,NA,NA,NA,NA,NA,NA,NA,NA,NA,NA
"14","E37-2","E37",37,"E","Exposed",2,0,0,0,"Kendall","Greer","QueenRight",4,15,0,0,0,0,0,0,0,0,0,0,"28-Feb","wayne",100,255,355,22.4405,49531563.5560361,34146.682544711,0,1,0,1,0,0,10.4384500016336,17.7181206921139
"15","E37-3","E37",37,"E","Exposed",3,0,5,6,"Alex","Sam","QueenRight",4,27,0,0,0,0,0,0,0,0,0,0,"25-Apr","wayne",100,110,210,20.3925,324905727.516243,768588.797036779,0,1,0,1,5.5,0,13.5523126822873,19.5990456321128
"16","E38-1","E38",38,"E","Exposed",1,NA,NA,NA,"Kendall","Greer","QueenRight",4,7,0,0,0,0,0,0,0,0,0,0,"25-Jan","Franks",NA,NA,NA,NA,NA,NA,NA,NA,NA,NA,NA,NA,NA,NA
"17","E38-2","E38",38,"E","Exposed",2,0,0,0,"Kendall","Greer","QueenRight",4,14,0,0,0,0,0,0,0,0,0,0,"28-Feb","wayne",100,239,339,13.667,655459.842827353,0,0,0,0,1,0,0,0,13.3930938440589
"18","E38-3","E38",38,"E","Exposed",3,1,4,2,"Alex","Sam","QueenRight",4,24,0,0,0,0,0,0,0,0,0,0,"25-Apr","wayne",100,112,212,16.443,1152552369.56839,2492140.08320096,0,1,0,1,3,0.471698113207547,14.7286527717336,20.8652447726429
"19","E39-1","E39",39,"E","Exposed",1,NA,NA,NA,"Kendall","Greer","QueenRight",5,8,0,0,0,0,0,0,0,0,0,0,"25-Jan","Franks",NA,NA,NA,NA,NA,NA,NA,NA,NA,NA,NA,NA,NA,NA
"20","E39-2","E39",39,"E","Exposed",2,13,0,1,"Kendall","Greer","QueenRight",5,15,0,0,0,0,0,0,0,0,0,0,"28-Feb","wayne",100,225,325,20.862,3262079.52464051,0,0,0,0,1,0.5,4,0,14.9978757475238
"21","E39-3","E39",39,"E","Exposed",3,15,2,2,"Nora","Sam","QueenRight",4,25,0,0,0,1,0,0,0,0,0,0,"25-Apr","wayne",100,116,216,18.594,6994875520.02055,6340374.10057685,0,1,0,1,2,6.94444444444444,15.6624484887921,22.6684436494831
"22","E40-1","E40",40,"E","Exposed",1,NA,NA,NA,"Kendall","Greer","QueenRight",5,8,0,0,0,0,0,0,0,0,0,0,"25-Jan","Franks",NA,NA,NA,NA,NA,NA,NA,NA,NA,NA,NA,NA,NA,NA
"23","E40-2","E40",40,"E","Exposed",2,1,1,3,"Kendall","Greer","QueenRight",3,9,0,0,0,0,0,0,1,1,0,0,"28-Feb","wayne",100,246,346,15.0885,1463774.0006057,0,0,0,0,1,2,0.289017341040462,0,14.1965292735813
"24","E40-3","E40",40,"E","Exposed",3,1,2,2,"Nora","Sam","QueenRight",4,16,0,0,0,0,0,0,1,0,0,0,"25-Apr","wayne",100,112,212,20.4905,2220122459.52892,34308.9526517574,0,1,0,1,2,0.471698113207547,10.4431907558386,21.5208281937096
"25","E41-1","E41",41,"E","Exposed",1,NA,NA,NA,"Kendall","Greer","QueenRight",5,7,0,0,0,0,0,0,0,0,0,0,"25-Jan","Franks",NA,NA,NA,NA,NA,NA,NA,NA,NA,NA,NA,NA,NA,NA
"26","E41-2","E41",41,"E","Exposed",2,1,0,0,"Kendall","Greer","QueenRight",4,15,0,0,0,0,0,0,0,0,0,0,"28-Feb","wayne",100,288,388,4.491,912777.92677884,49742.0123522897,0,1,0,1,0,0.257731958762887,10.8146252774916,13.7242489909125
"27","E41-3","E41",41,"E","Exposed",3,1,20,25,"Nora","Alex","QueenRight",4,30,0,0,0,0,0,0,0,0,0,0,"25-Apr","wayne",100,119,219,15.399,3016804709.35663,333704.835388266,0,1,0,1,22.5,0.45662100456621,12.7180151515157,21.8274640652824
"28","E42-1","E42",42,"E","Exposed",1,NA,NA,NA,"Kendall","Greer","QueenRight",4,7,0,0,0,0,0,0,0,0,0,0,"25-Jan","Franks",NA,NA,NA,NA,NA,NA,NA,NA,NA,NA,NA,NA,NA,NA
"29","E42-2","E42",42,"E","Exposed",2,0,6,2,"Kendall","Greer","QueenRight",NA,NA,0,0,0,0,0,0,0,0,0,0,"28-Feb","wayne",100,192,292,18.7445,576108.892849623,0,0,0,0,1,4,0,0,13.2640537076779
"30","E42-3","E42",42,"E","Exposed",3,1,7,5,"Nora","Sam","QueenRight",4,36,0,0,0,0,0,0,0,0,0,0,"25-Apr","wayne",100,123,223,21.3715,911009282.176908,260132.26753931,0,1,0,1,6,0.448430493273543,12.4689493461387,20.6300636452677
"31","E43-1","E43",43,"E","Exposed",1,NA,NA,NA,"Kendall","Greer","QueenRight",4,7,0,0,0,0,0,0,0,0,0,0,"25-Jan","Franks",NA,NA,NA,NA,NA,NA,NA,NA,NA,NA,NA,NA,NA,NA
"32","E43-2","E43",43,"E","Exposed",2,22,0,0,"Kendall","Greer","Queenless ",NA,5,0,0,0,0,0,0,0,0,0,0,"28-Feb","wayne",100,285,385,11.129,194501653.272296,2162178444.85884,0,1,0,1,0,5.71428571428571,21.4943820901574,19.0859512262426
"33","E43-3","E43",43,"E","Exposed",3,37,1,0,"Nora","Alex","QueenRight",4,32,0,0,0,0,0,0,0,0,0,0,"25-Apr","wayne",100,113,213,23.341,2541049068.23847,7610272318.31908,0,1,0,1,0.5,17.3708920187793,22.7527647925844,21.6558428520931
"34","E44-1","E44",44,"E","Exposed",1,NA,NA,NA,"Kendall","Greer","QueenRight",5,8,0,0,0,0,0,0,0,0,0,0,"25-Jan","Franks",NA,NA,NA,NA,NA,NA,NA,NA,NA,NA,NA,NA,NA,NA
"35","E44-2","E44",44,"E","Exposed",2,5,0,0,"Kendall","Greer","QueenRight",5,17,0,0,0,0,0,0,0,0,0,0,"28-Feb","wayne",100,278,378,18.9475,740703.993123552,0,0,0,0,1,0,1.32275132275132,0,13.5153577050662
"36","E44-3","E44",44,"E","Exposed",3,4,4,5,"Nora","Sam","QueenRight",NA,20,0,0,0,0,0,0,0,0,0,0,"25-Apr","wayne",100,173,273,18.7345,122173724.111325,580440599.781316,0,1,0,1,4.5,1.46520146520147,20.1792980296313,18.620954566127
"37","E45-1","E45",45,"E","Exposed",1,NA,NA,NA,"Kendall","Greer","QueenRight",4,8,0,0,0,0,0,0,0,0,0,0,"25-Jan","Franks",NA,NA,NA,NA,NA,NA,NA,NA,NA,NA,NA,NA,NA,NA
"38","E45-2","E45",45,"E","Exposed",2,0,7,3,"Kendall","Greer","QueenRight",5,13,0,0,0,0,0,0,0,0,0,0,"28-Feb","wayne",100,268,368,15.7225,2651371.8522355,0,0,0,0,1,5,0,0,14.7905881212643
"39","E45-3","E45",45,"E","Exposed",3,6,3,3,"Nora","Sam","QueenRight",4,28,0,0,0,0,0,0,0,0,0,0,"25-Apr","wayne",100,126,226,18.706,13018459643.9825,1627513.26623823,0,1,0,1,3,2.65486725663717,14.3025644187642,23.289634159891
"40","E46-1","E46",46,"E","Exposed",1,NA,NA,NA,"Kendall","Greer","QueenRight",5,7,0,0,0,0,0,0,0,0,0,0,"25-Jan","Franks",NA,NA,NA,NA,NA,NA,NA,NA,NA,NA,NA,NA,NA,NA
"41","E46-2","E46",46,"E","Exposed",2,0,1,0,"Kendall","Greer","QueenRight",5,14,0,0,0,0,0,0,0,0,0,0,"28-Feb","wayne",100,262,362,8.068,9579291.06063966,0,0,0,0,1,0.5,0,0,16.0751142495797
"42","E46-3","E46",46,"E","Exposed",3,1,4,2,"Nora","Alex","QueenCellsPresent",5,22,0,0,0,0,0,0,0,0,0,0,"25-Apr","wayne",100,147,247,22.346,323119383.999953,2037674.87567247,0,1,0,1,3,0.404858299595142,14.5273204397203,19.5935324258998
"43","E47-1","E47",47,"E","Exposed",1,NA,NA,NA,"Kendall","Greer","QueenRight",5,7,0,0,0,0,0,0,0,0,0,0,"25-Jan","Franks",NA,NA,NA,NA,NA,NA,NA,NA,NA,NA,NA,NA,NA,NA
"44","E47-2","E47",47,"E","Exposed",2,0,2,1,"Kendall","Greer","QueenRight",3,20,0,0,0,0,1,0,0,0,0,0,"28-Feb","wayne",100,224,324,24.8325,1186182741.21031,0,0,0,0,1,1.5,0,0,20.8940062084604
"45","E47-3","E47",47,"E","Exposed",3,0,10,4,"Nora","Sam","QueenRight",3,30,0,0,0,0,1,0,0,0,0,0,"25-Apr","wayne",100,72,172,10.751,58204728.8414395,64855.0374441434,0,1,0,1,7,0,11.0799252840102,17.8794771781528
"46","E48-1","E48",48,"E","Exposed",1,NA,NA,NA,"Kendall","Greer","QueenRight",5,8,0,0,0,0,0,0,0,0,0,0,"25-Jan","Franks",NA,NA,NA,NA,NA,NA,NA,NA,NA,NA,NA,NA,NA,NA
"47","E48-2","E48",48,"E","Exposed",2,2,4,1,"Kendall","Greer","QueenRight",3,15,0,0,0,1,0,0,0,0,0,0,"28-Feb","wayne",100,246,346,15.4105,1573965.08160168,0,0,0,0,1,2.5,0.578034682080925,0,14.2691091585543
"48","E48-3","E48",48,"E","Exposed",3,6,1,3,"Nora","Alex","QueenRight",4,24,0,0,1,0,0,0,1,0,0,0,"25-Apr","wayne",100,147,247,18.456,2377906842.845,0,0,0,0,1,2,2.42914979757085,0,21.5894864602866
"49","M1-1","M1",1,"M","Migratory",1,1,15,22,"Sam","Greer","QueenRight",5,8,0,0,0,0,0,0,0,0,0,0,"25-Jan","Franks",100,142,242,15.553,270535.665214672,0,0,0,0,1,18.5,0.413223140495868,0,12.5081629141633
"50","M1-2","M1",1,"M","Migratory",2,6,14,8,"Kendall","Greer","QueenRight",4,17,0,0,0,0,0,0,0,0,0,0,"28-Feb","Franks",100,130,230,18.1915,2720112567.38591,24870.6932611873,0,1,0,1,11,2.60869565217391,10.1214856189666,21.723939101834
"51","M1-3","M1",1,"M","Migratory",3,6,2,1,"Nora","Sam","QueenRight",2,25,0,0,1,1,0,0,1,0,0,0,"25-Apr","franks ",100,194,294,33.136,5286880043.11049,4486026.85494261,0,1,0,1,1.5,2.04081632653061,15.3164782033481,22.3884941251038
"52","M10-1","M10",10,"M","Migratory",1,1,2,3,"Sam","Greer","QueenRight",4,8,0,0,0,0,0,0,0,0,0,0,"25-Jan","Franks",100,123,223,11.7925,643367.756755873,0,0,0,0,1,2.5,0.448430493273543,0,13.3744733330119
"53","M10-2","M10",10,"M","Migratory",2,0,2,2,"Kendall","Greer","QueenRight",3,15,0,0,0,0,0,0,0,0,0,0,"28-Feb","Franks",100,157,257,20.357,9864523606.5245,0,0,0,0,1,2,0,0,23.0122106840765
"54","M10-3","M10",10,"M","Migratory",3,2,4,3,"Nora","Kendall","QueenRight",2,NA,0,0,1,0,0,0,0,0,0,0,"25-Apr","franks ",100,122,222,20.1955,792074061.880978,0,0,0,0,1,3.5,0.900900900900901,0,20.4901654591452
"55","M11-1","M11",11,"M","Migratory",1,1,0,0,"Sam","Greer","QueenRight",4,8,0,0,0,0,0,0,1,0,0,0,"25-Jan","Franks",200,70,270,5.0875,3640689.83826265,0,0,0,0,1,0,0.37037037037037,0,15.1076840123364
"56","M11-2","M11",11,"M","Migratory",2,3,10,8,"Kendall","Greer","QueenRight",3,5,0,0,0,0,0,0,0,0,0,0,"28-Feb","Franks",100,119,219,17.6305,795512489.386069,164396.211010234,0,1,0,1,9,1.36986301369863,12.0100407968024,20.4944971069213
"57","M11-3","M11",11,"M","Migratory",3,1,3,3,"Nora","Sam","QueenRight",3,11,0,0,0,1,0,0,1,0,0,0,"25-Apr","franks ",100,189,289,27.1965,9544805708.79296,0,0,0,0,1,3,0.346020761245675,0,22.9792629387355
"58","M12-1","M12",12,"M","Migratory",1,0,7,6,"Sam","Greer","QueenRight",5,7,0,0,0,0,0,0,0,0,0,0,"25-Jan","Franks",100,107,207,7.3245,1162911.43576244,0,0,0,0,1,6.5,0,0,13.9664381369744
"59","M12-2","M12",12,"M","Migratory",2,2,2,3,"Kendall","Greer","QueenRight",4,16,0,0,0,0,0,0,0,0,0,0,"28-Feb","Franks",100,189,289,26.6635,767283749.394274,206147.063798328,0,1,0,1,2.5,0.69204152249135,12.2363499458927,20.4583672392803
"60","M12-3","M12",12,"M","Migratory",3,0,1,1,"Nora","Kendall","QueenRight",4,23,0,0,0,0,0,0,0,0,0,0,"25-Apr","franks ",100,203,303,18.5395,240207751.460378,64311.4448535494,0,1,0,1,1,0,11.0715084350996,19.2970147421117
"61","M13-1","M13",13,"M","Migratory",1,0,10,13,"Sam","Greer","QueenRight",5,9,0,0,0,0,0,0,0,0,0,0,"25-Jan","Franks",100,97,197,3.625,2591197.34852501,0,0,0,0,1,11.5,0,0,14.7676310094992
"62","M13-2","M13",13,"M","Migratory",2,7,0,0,"Kendall","Greer","QueenRight",4,16,0,0,0,0,0,0,0,0,0,0,"28-Feb","Franks",100,199,299,20.32,387385133.668526,0,0,0,0,1,0,2.34113712374582,0,19.7749299361527
"63","M13-3","M13",13,"M","Migratory",3,7,1,3,"Nora","Sam","QueenRight",4,22,0,0,0,0,0,0,0,0,0,0,"25-Apr","franks ",100,122,222,22.733,14953691000.4858,0,0,0,0,1,2,3.15315315315315,0,23.4282239960423
"64","M14-1","M14",14,"M","Migratory",1,0,14,17,"Sam","Greer","QueenRight",5,8,0,0,0,0,0,0,0,0,0,0,"25-Jan","Franks",100,124,224,7.8595,514805.769018537,0,0,0,0,1,15.5,0,0,13.1515469034493
"65","M14-2","M14",14,"M","Migratory",2,1,4,4,"Kendall","Greer","QueenRight",5,20,0,0,0,0,0,0,0,0,0,0,"28-Feb","Franks",100,182,282,25.291,351525566.804016,0,0,0,0,1,4,0.354609929078014,0,19.6777930056991
"66","M14-3","M14",14,"M","Migratory",3,1,3,0,"Nora","Kendall","QueenRight",4,26,0,0,0,0,0,0,0,0,0,0,"25-Apr","franks ",100,94,194,23.3895,268305587.673195,3181094.81462098,0,1,0,1,1.5,0.515463917525773,14.9727362911896,19.40763714512
"67","M15-1","M15",15,"M","Migratory",1,0,1,0,"Sam","Greer","QueenRight",4,8,0,0,0,0,0,0,0,0,0,0,"25-Jan","Franks",100,144,244,10.025,1153471.03338168,0,0,0,0,1,0.5,0,0,13.9582871112927
"68","M15-2","M15",15,"M","Migratory",2,2,0,1,"Kendall","Greer","QueenRight",4,16,0,0,0,0,0,0,0,0,0,0,"28-Feb","Franks",100,123,223,19.998,31930245.1144311,0,0,0,0,1,0.5,0.896860986547085,0,17.2790642725983
"69","M15-3","M15",15,"M","Migratory",3,1,3,0,"Nora","Kendall","QueenRight",4,20,1,0,0,0,0,0,0,0,0,0,"25-Apr","franks ",100,147,247,23.1065,10310913288.6248,789179.890276159,0,1,0,1,1.5,0.404858299595142,13.578750838793,23.0564687139449
"70","M16-1","M16",16,"M","Migratory",1,0,2,2,"Sam","Greer","QueenRight",5,8,0,0,0,0,0,0,0,0,0,0,"25-Jan","Franks",100,116,216,6.498,585494.575395269,0,0,0,0,1,2,0,0,13.2802139050234
"71","M16-2","M16",16,"M","Migratory",2,4,0,3,"Kendall","Greer","QueenRight",3,4,0,0,0,0,0,0,0,0,0,0,"28-Feb","Franks",100,96,196,25.5395,13900138.2348786,0,0,0,0,1,1.5,2.04081632653061,0,16.4474094149485
"72","M16-3","M16",16,"M","Migratory",3,3,0,1,"Nora","Sam","QueenRight",3,13,0,0,0,1,0,0,0,0,0,0,"25-Apr","franks ",100,134,234,30.8,12213959.4201201,0,0,0,0,1,0.5,1.28205128205128,0,16.3180901522262
"73","M2-1","M2",2,"M","Migratory",1,1,16,24,"Sam","Greer","QueenRight",5,8,0,0,0,0,0,0,0,0,0,0,"25-Jan","Franks",100,174,274,4.0095,587648.780349126,0,0,0,0,1,20,0.364963503649635,0,13.2838864377825
"74","M2-2","M2",2,"M","Migratory",2,5,8,7,"Kendall","Greer","QueenRight",3,3,0,0,0,0,0,0,0,0,0,0,"28-Feb","Franks",100,149,249,25.92,1025551914.11158,4497303.64534244,0,1,0,1,7.5,2.00803212851406,15.3189888075861,20.74849675839
"75","M2-3","M2",2,"M","Migratory",3,8,4,3,"Nora","Kendall","QueenRight",4,12,0,0,0,0,0,0,0,0,0,0,"25-Apr","franks ",100,187,287,20.607,4961974987.15581,10103988.0531713,0,1,0,1,3.5,2.78745644599303,16.1284408595965,22.3250696815253
"76","M3-1","M3",3,"M","Migratory",1,1,7,4,"Sam","Greer","QueenRight",5,8,0,0,0,0,0,0,0,0,0,0,"25-Jan","Franks",100,120,220,12.0245,457125.046225126,0,0,0,0,1,5.5,0.454545454545455,0,13.0327144441559
"77","M3-2","M3",3,"M","Migratory",2,1,2,1,"Kendall","Greer","QueenRight",5,20,0,0,0,0,0,0,0,0,0,0,"28-Feb","Franks",100,146,246,19.0745,585495212.418721,0,0,0,0,1,1.5,0.40650406504065,0,20.1879685657658
"78","M3-3","M3",3,"M","Migratory",3,0,0,1,"Nora","Sam","QueenRight",5,20,0,0,0,0,0,0,0,0,0,0,"25-Apr","franks ",100,118,218,26.83,14085552525.8223,0,0,0,0,1,0.5,0,0,23.3684154655367
"79","M4-1","M4",4,"M","Migratory",1,1,10,10,"Sam","Greer","QueenRight",5,7,0,0,0,0,0,0,1,0,0,0,"25-Jan","Franks",200,22,222,4.626,543034.765215327,0,0,0,0,1,10,0.45045045045045,0,13.2049304627052
"80","M4-2","M4",4,"M","Migratory",2,5,7,7,"Kendall","Greer","QueenRight",5,20,0,0,0,0,0,0,0,0,0,0,"28-Feb","Franks",100,189,289,18.374,3593302304.25251,31854.8500500338,0,1,0,1,7,1.73010380622837,10.3689763191744,22.00233747882
"81","M4-3","M4",4,"M","Migratory",3,0,1,0,"Nora","Kendall","QueenRight",4,30,0,0,0,0,0,0,0,0,0,0,"25-Apr","franks ",100,167,267,24.4705,64066229677.1142,93474735.0924062,0,1,0,1,0.5,0,18.3532017555275,24.8831832239501
"82","M5-1","M5",5,"M","Migratory",1,1,7,8,"Sam","Greer","QueenRight",4,7,0,0,0,0,0,0,0,0,0,0,"25-Jan","Franks",100,154,254,12.6955,97502.9640894678,0,0,0,0,1,7.5,0.393700787401575,0,11.4876483134873
"83","M5-2","M5",5,"M","Migratory",2,1,12,6,"Kendall","Greer","QueenRight",3,7,0,0,0,0,0,0,0,0,0,0,"28-Feb","Franks",100,81,181,25.6305,25218058.328406,0,0,0,0,1,9,0.552486187845304,0,17.0430709358339
"84","M5-3","M5",5,"M","Migratory",3,2,4,3,"Nora","Kendall","QueenRight",4,15,0,0,0,0,0,0,1,0,0,0,"25-Apr","franks ",100,130,230,21.8385,37950510.2740313,111097846.59509,0,1,0,1,3.5,0.869565217391304,18.5259218808406,17.4517935340217
"85","M6-1","M6",6,"M","Migratory",1,1,5,3,"Sam","Greer","QueenRight",5,8,0,0,0,0,0,0,0,0,0,0,"25-Jan","Franks",200,25,225,6.02,78291.1871172593,0,0,0,0,1,4,0.444444444444444,0,11.2682030956116
"86","M6-2","M6",6,"M","Migratory",2,1,2,4,"Kendall","Greer","QueenRight",3,8,0,0,0,0,0,0,0,0,0,0,"28-Feb","Franks",100,84,184,25.9945,244979854.736785,0,0,0,0,1,3,0.543478260869565,0,19.3166865436461
"87","M6-3","M6",6,"M","Migratory",3,1,6,5,"Nora","Sam","QueenRight",4,12,0,0,0,0,0,0,0,0,0,0,"25-Apr","franks ",100,171,271,22.221,7123758975.71125,0,0,0,0,1,5.5,0.3690036900369,0,22.6867013692231
"88","M7-1","M7",7,"M","Migratory",1,1,13,10,"Sam","Greer","QueenRight",5,8,0,0,0,0,0,0,0,0,0,0,"25-Jan","Franks",100,162,262,8.4235,1771218.5371989,0,0,0,0,1,11.5,0.381679389312977,0,14.3871788713629
"89","M7-2","M7",7,"M","Migratory",2,2,0,1,"Kendall","Greer","QueenRight",3,8,0,0,0,0,0,0,0,0,0,0,"28-Feb","Franks",100,107,207,33.5325,7443719.50760473,0,0,0,0,1,0.5,0.966183574879227,0,15.8228813500433
"90","M7-3","M7",7,"M","Migratory",3,2,0,1,"Nora","Kendall","Queenless",3,10,0,0,0,1,0,0,1,0,0,0,"25-Apr","franks ",100,163,263,19.9485,1287905769.42462,264244.21898563,0,1,0,1,0.5,0.760456273764259,12.4846328107992,20.9762833023441
"91","M8-1","M8",8,"M","Migratory",1,1,17,26,"Sam","Greer","QueenRight",5,9,0,0,0,0,0,0,0,0,0,0,"25-Jan","Franks",100,101,201,6.964,667842.296170061,0,0,0,0,1,21.5,0.497512437810945,0,13.4118088384273
"92","M8-2","M8",8,"M","Migratory",2,5,9,9,"Kendall","Greer","QueenRight",3,4,0,0,0,1,0,0,0,0,0,0,"28-Feb","Franks",100,148,248,25.5375,1812717330.91893,0,0,0,0,1,9,2.01612903225806,0,21.3180928447704
"93","M8-3","M8",8,"M","Migratory",3,3,0,1,"Nora","Sam","QueenRight",3,8,0,0,0,1,0,0,0,0,0,0,"25-Apr","franks ",100,150,250,14.399,7995009908.64273,27012.5030107026,0,1,0,1,0.5,1.2,10.2040921314799,22.8020834227116
"94","M9-1","M9",9,"M","Migratory",1,1,5,4,"Sam","Greer","QueenRight",5,8,0,0,0,0,0,0,0,0,0,0,"25-Jan","Franks",100,113,213,5.867,783518.278829167,0,0,0,0,1,4.5,0.469483568075117,0,13.5715509465114
"95","M9-2","M9",9,"M","Migratory",2,1,5,5,"Kendall","Greer","QueenRight",3,4,0,0,0,0,0,0,0,0,0,0,"28-Feb","Franks",100,100,200,26.085,108831367.392858,0,0,0,0,1,5,0.5,0,18.5053101632664
"96","M9-3","M9",9,"M","Migratory",3,0,1,5,"Nora","Sam","QueenRight",4,13,0,0,0,0,0,0,0,0,0,0,"25-Apr","franks ",100,110,210,15.0025,33659222.4482919,56528.1175261455,0,1,0,1,3,0,10.9425111388301,17.3317976760001
"97","S17-1","S17",17,"S","Stationary",1,0,22,21,"Kendall","Greer","QueenRight",5,8,0,0,0,0,0,0,0,0,0,0,"25-Jan","Franks",200,30,230,7.659,1417226.04132309,0,0,0,0,1,21.5,0,0,14.1642127326008
"98","S17-2","S17",17,"S","Stationary",2,3,1,0,"Kendall","Greer","QueenRight",5,18,0,0,0,0,0,0,0,0,0,0,"28-Feb","Franks",100,103,203,16.7275,3331724.92783161,0,0,0,0,1,0.5,1.47783251231527,0,15.0190010243334
"99","S17-3","S17",17,"S","Stationary",3,14,7,10,"Nora","Kendall","QueenRight",5,24,0,0,0,0,0,0,1,0,0,0,"25-Apr","franks ",100,137,237,13.6845,1471175020.00408,77754797.6749948,0,1,0,1,8.5,5.90717299578059,18.1690708264116,21.1093272524561
"100","S18-1","S18",18,"S","Stationary",1,1,14,10,"Kendall","Greer","QueenRight",5,7,0,0,0,0,0,0,0,0,0,0,"25-Jan","Franks",200,2,202,4.5285,510766.534783235,0,0,0,0,1,12,0.495049504950495,0,13.1436698435311
"101","S18-2","S18",18,"S","Stationary",2,0,9,12,"Kendall","Greer","QueenRight",4,16,0,0,0,0,0,0,0,0,0,0,"28-Feb","Franks",100,50,150,17.918,2730852.06949229,34731.0012365372,0,1,0,1,10.5,0,10.4554167667828,14.820124598017
"102","S18-3","S18",18,"S","Stationary",3,3,0,0,"Nora","Sam","QueenRight",4,23,0,0,0,0,0,0,0,0,0,0,"25-Apr","franks ",100,191,291,22.558,74614381.7966299,0,0,0,0,1,0,1.03092783505155,0,18.1278438454731
"103","S19-1","S19",19,"S","Stationary",1,0,1,2,"Kendall","Greer","QueenRight",5,7,0,0,0,0,0,0,0,0,0,0,"25-Jan","Franks",200,46,246,9.029,179641.170653377,0,0,0,0,1,1.5,0,0,12.0987222104808
"104","S19-2","S19",19,"S","Stationary",2,0,2,1,"Kendall","Greer","QueenRight",3,5,0,0,0,0,0,0,1,0,0,0,"28-Feb","Franks",100,222,322,19.1395,41186636.8402333,0,0,0,0,1,1.5,0,0,17.5336244374491
"105","S19-3","S19",19,"S","Stationary",3,0,2,4,"Nora","Kendall","QueenRight",3,15,0,0,0,0,0,0,0,0,0,0,"25-Apr","franks ",100,506,606,21.767,71112693.8271558,0,0,0,0,1,3,0,0,18.0797764277407
"106","S20-1","S20",20,"S","Stationary",1,0,5,3,"Kendall","Greer","QueenRight",5,8,0,0,0,0,0,0,0,0,0,0,"25-Jan","Franks",200,17,217,5.714,2026920.7096188,0,0,0,0,1,4,0,0,14.5220288009185
"107","S20-2","S20",20,"S","Stationary",2,1,0,0,"Kendall","Greer","QueenRight",4,15,0,0,0,0,0,0,0,0,0,0,"28-Feb","Franks",100,155,255,17.0615,21888206.5016841,0,0,0,0,1,0,0.392156862745098,0,16.9014585795168
"108","S20-3","S20",20,"S","Stationary",3,2,3,5,"Nora","Sam","QueenRight",4,21,0,0,0,0,0,0,0,0,0,0,"25-Apr","franks ",100,160,260,9.402,81028704.4708165,330895.424246189,0,1,0,1,4,0.769230769230769,12.709560687705,18.2103140383845
"109","S21-1","S21",21,"S","Stationary",1,0,3,1,"Kendall","Greer","QueenRight",4,7,0,0,0,0,0,0,1,0,0,0,"25-Jan","Franks",147,0,147,12.8555,1328729.78843869,0,0,0,0,1,2,0,0,14.0997347501621
"110","S21-2","S21",21,"S","Stationary",2,2,0,0,"Kendall","Greer","QueenRight",3,17,0,0,0,0,0,0,0,0,0,0,"28-Feb","Franks",100,65,165,14.8235,3268406.88324922,2527347.78898056,0,1,0,1,0,1.21212121212121,14.7426814017688,14.9998135384495
"111","S21-3","S21",21,"S","Stationary",3,2,5,4,"Nora","Kendall","Queenless",3,10,0,0,0,0,0,0,0,0,0,0,"25-Apr","franks ",100,143,243,20.75,440212267.131581,0,0,0,0,1,4.5,0.823045267489712,0,19.9027675961176
"112","S22-1","S22",22,"S","Stationary",1,3,6,19,"Kendall","Greer","QueenRight",5,7,0,0,0,0,0,0,0,0,0,0,"25-Jan","Franks",200,27,227,9.6675,65917.3796745011,0,0,0,0,1,12.5,1.3215859030837,0,11.0961725841008
"113","S22-2","S22",22,"S","Stationary",2,13,3,11,"Kendall","Greer","QueenRight",4,10,0,0,0,0,0,0,0,0,0,0,"28-Feb","Franks",100,77,177,16.0045,2090478.35946051,0,0,0,0,1,7,7.34463276836158,0,14.5529039562359
"114","S22-3","S22",22,"S","Stationary",3,15,5,1,"Nora","Sam","QueenRight",4,22,0,0,0,0,0,0,0,0,0,0,"25-Apr","franks ",100,102,202,17.763,1382633609.86987,140661.696040375,0,1,0,1,3,7.42574257425743,11.8541200767505,21.0472559310815
"115","S23-1","S23",23,"S","Stationary",1,0,7,11,"Kendall","Greer","QueenRight",5,7,0,0,0,0,0,0,0,0,0,0,"25-Jan","Franks",200,18,218,10.6515,457023.8689329,0,0,0,0,1,9,0,0,13.032493086192
"116","S23-2","S23",23,"S","Stationary",2,1,2,0,"Kendall","Greer","QueenRight",4,20,0,0,0,0,0,0,0,0,0,0,"28-Feb","Franks",100,176,276,25.6665,1229302.05297175,0,0,0,0,1,1,0.36231884057971,0,14.0219579431566
"117","S23-3","S23",23,"S","Stationary",3,9,1,0,"Nora","Kendall","QueenCellsPresent",4,20,0,0,0,0,0,0,0,0,0,0,"25-Apr","franks ",100,123,223,19.2435,11769220065.8678,114640.174315354,0,1,0,1,0.5,4.03587443946188,11.6495623059541,23.1887534915258
"118","S24-1","S24",24,"S","Stationary",1,1,15,18,"Kendall","Greer","QueenRight",5,8,0,0,0,0,0,0,0,0,0,0,"25-Jan","Franks",200,35,235,5.3365,599365.80417454,0,0,0,0,1,16.5,0.425531914893617,0,13.3036290505735
"119","S24-2","S24",24,"S","Stationary",2,0,3,4,"Kendall","Greer","QueenRight",5,20,0,0,0,0,0,0,0,0,0,0,"28-Feb","Franks",100,130,230,9.47,1537139.2442235,788709.816252042,0,1,0,1,3.5,0,13.5781550133177,14.2454342637866
"120","S24-3","S24",24,"S","Stationary",3,7,1,0,"Nora","Sam","QueenRight",5,20,0,0,0,0,0,0,1,0,0,0,"25-Apr","franks ",100,104,204,21.755,1180419763.55038,0,0,0,0,1,0.5,3.43137254901961,0,20.8891359448359
"121","S25-1","S25",25,"S","Stationary",1,0,16,18,"Kendall","Greer","QueenRight",4,7,0,0,0,0,0,0,0,0,0,0,"25-Jan","Franks",200,13,213,3.1595,4501333.91361343,0,0,0,0,1,17,0,0,15.319884558219
"122","S25-2","S25",25,"S","Stationary",2,0,9,7,"Kendall","Greer","QueenRight",2,15,0,0,0,0,1,0,0,0,0,0,"28-Feb","Franks",100,172,272,20.125,484485568.685981,0,0,0,0,1,8,0,0,19.9985982049217
"123","S25-3","S25",25,"S","Stationary",3,9,2,2,"Nora","Kendall","QueenRight",3,20,0,0,0,0,1,0,0,0,0,0,"25-Apr","franks ",100,115,215,11.373,195321664.262815,0,0,0,0,1,2,4.18604651162791,0,19.0901583229396
"124","S26-1","S26",26,"S","Stationary",1,1,15,28,"Kendall","Greer","QueenRight",5,8,0,0,0,0,0,0,0,0,0,0,"25-Jan","Franks",200,40,240,9.705,197581.358315135,0,0,0,0,1,21.5,0.416666666666667,0,12.1939107805285
"125","S26-2","S26",26,"S","Stationary",2,5,0,0,"Kendall","Greer","QueenRight",4,17,0,0,0,0,0,0,1,0,0,0,"28-Feb","Franks",100,292,392,22.3355,2158479.8511983,43809.0939840215,0,1,0,1,0,1.27551020408163,10.6876195260698,14.5849152225917
"126","S26-3","S26",26,"S","Stationary",3,1,8,4,"Nora","Sam","QueenCellsPresent",4,24,0,0,0,0,0,0,0,0,0,0,"25-Apr","franks ",100,139,239,28.784,2227525322.47408,28802.4123443062,0,1,0,1,6,0.418410041841004,10.2682491432826,21.5241570858076
"127","S27-1","S27",27,"S","Stationary",1,1,21,20,"Kendall","Greer","QueenRight",5,8,0,0,0,0,0,0,0,0,0,0,"25-Jan","Franks",200,1,201,8.6305,1653091.29873624,0,0,0,0,1,20.5,0.497512437810945,0,14.3181582123503
"128","S27-2","S27",27,"S","Stationary",2,4,14,12,"Kendall","Greer","QueenRight",5,20,0,0,0,0,0,0,0,0,0,0,"28-Feb","Franks",100,178,278,28.1115,1811072.35778257,0,0,0,0,1,13,1.43884892086331,0,14.4094302428274
"129","S27-3","S27",27,"S","Stationary",3,17,0,1,"Nora","Kendall","QueenCellsPresent",5,28,0,0,0,0,0,0,0,0,0,0,"25-Apr","franks ",100,162,262,23.157,6920503245.36416,32354.8217542808,0,1,0,1,0.5,6.48854961832061,10.3845492452304,22.6577543273948
"130","S28-1","S28",28,"S","Stationary",1,0,8,7,"Kendall","Greer","QueenRight",5,8,0,0,0,0,0,0,0,0,0,0,"25-Jan","Franks",200,36,236,17.199,228539.830396872,0,0,0,0,1,7.5,0,0,12.33947016218
"131","S28-2","S28",28,"S","Stationary",2,7,0,0,"Kendall","Greer","Queenless",4,6,0,0,0,0,0,0,0,0,0,0,"28-Feb","Franks",100,289,389,17.792,4101776.0502026,0,0,0,0,1,0,1.79948586118252,0,15.2269308646509
"132","S28-3","S28",28,"S","Stationary",3,3,2,1,"Nora","Sam","QueenRight",4,15,0,0,0,0,0,0,0,0,0,0,"25-Apr","franks ",100,41,141,21.3995,674542580.993102,45654.0156096946,0,1,0,1,1.5,2.12765957446809,10.7288687509559,20.3295453628175
"133","S29-1","S29",29,"S","Stationary",1,0,29,26,"Kendall","Greer","QueenRight",5,7,0,0,0,0,0,0,0,0,0,0,"25-Jan","Franks",200,39,239,2.065,3360669.36814172,0,0,0,0,1,27.5,0,0,15.0276510263669
"134","S29-2","S29",29,"S","Stationary",2,1,1,2,"Kendall","Greer","QueenRight",4,15,0,0,0,0,0,0,0,0,0,0,"28-Feb","Franks",100,254,354,25.5685,283999.664476353,0,0,0,0,1,1.5,0.282485875706215,0,12.5567318568461
"135","S29-3","S29",29,"S","Stationary",3,2,3,2,"Nora","Kendall","QueenRight",3,23,0,0,0,0,0,0,0,0,0,0,"25-Apr","franks ",100,144,244,25.4785,50810771.346068,43224.7607321929,0,1,0,1,2.5,0.819672131147541,10.6741919097533,17.7436189441249
"136","S30-1","S30",30,"S","Stationary",1,1,48,54,"Kendall","Greer","QueenRight",5,7,0,0,0,0,0,0,0,0,0,0,"25-Jan","Franks",200,23,223,14.2975,1469888.34598483,0,0,0,0,1,51,0.448430493273543,0,14.2006976810814
"137","S30-2","S30",30,"S","Stationary",2,3,1,0,"Kendall","Greer","QueenRight",3,15,0,0,0,0,0,0,0,0,0,0,"28-Feb","Franks",100,235,335,20.6105,676830.374721712,0,0,0,0,1,0.5,0.895522388059702,0,13.425177443649
"138","S30-3","S30",30,"S","Stationary",3,1,1,5,"Nora","Sam","QueenRight",4,25,0,0,0,1,0,0,1,0,0,0,"25-Apr","franks ",100,99,199,14.1135,9325372.37770307,0,0,0,0,1,3,0.50251256281407,0,16.0482495631969
"139","S31-1","S31",31,"S","Stationary",1,0,13,15,"Kendall","Greer","QueenRight",5,8,0,0,0,0,0,0,0,0,0,0,"25-Jan","Franks",160,0,160,11.1355,5506809.92215152,0,0,0,0,1,14,0,0,15.5214962335625
"140","S31-2","S31",31,"S","Stationary",2,2,1,0,"Kendall","Greer","QueenRight",4,15,0,0,0,0,0,0,0,0,0,0,"28-Feb","Franks",100,202,302,17.268,84796508.9372885,19718206.0563076,0,1,0,1,0.5,0.662251655629139,16.7970529829397,18.2557649435153
"141","S31-3","S31",31,"S","Stationary",3,1,14,12,"Alex","Sam","QueenRight",4,22,0,0,0,0,0,0,0,0,0,0,"25-Apr","franks ",100,91,191,21.0695,572583076.090853,94052.1776492085,0,1,0,1,13,0.523560209424084,11.4516156209655,20.1656683956873
"142","S32-1","S32",32,"S","Stationary",1,1,20,11,"Kendall","Greer","QueenRight",4,7,0,0,0,0,0,0,0,0,0,0,"25-Jan","Franks",200,6,206,8.5545,1713361.37822787,0,0,0,0,1,15.5,0.485436893203883,0,14.3539683008926
"143","S32-2","S32",32,"S","Stationary",2,0,7,5,"Kendall","Greer","QueenRight",5,20,0,0,0,0,0,0,1,0,0,0,"28-Feb","Franks",100,250,350,20.8015,1825839.12190343,1356647.97052119,0,1,0,1,6,0,14.1205282248237,14.4175507798434
"144","S32-3","S32",32,"S","Stationary",3,1,2,4,"Alex","Sam","QueenRight",4,30,0,0,0,0,0,0,0,0,0,0,"25-Apr","franks ",100,139,239,16.686,1909876308.11777,18789258.1393038,0,1,0,1,3,0.418410041841004,16.7487959421559,21.3703043172838
